Entity,Code,Year,"Out-of-school children, adolescents and youth of primary and secondary school age, male (number)","Out-of-school children, adolescents and youth of primary and secondary school age, female (number)"
Albania,ALB,2000,78614,81341
Albania,ALB,2001,77837,78849
Albania,ALB,2013,27879,21727
Albania,ALB,2014,21542,16571
Albania,ALB,2015,18407,13250
Albania,ALB,2016,20263,13553
Albania,ALB,2017,20594,11519
Albania,ALB,2018,21066,9505
Albania,ALB,2019,21592,9685
Algeria,DZA,1984,957435,1537060
Angola,AGO,2008,953612,1353897
Angola,AGO,2009,1001891,1421478
Angola,AGO,2010,931213,1469212
Antigua and Barbuda,ATG,2012,662,563
Antigua and Barbuda,ATG,2014,441,574
Antigua and Barbuda,ATG,2015,427,381
Antigua and Barbuda,ATG,2017,322,382
Antigua and Barbuda,ATG,2018,288,208
Arab World (WB),,1970,8065261,11420559
Arab World (WB),,1971,8337104,11853463
Arab World (WB),,1972,8320347,11920432
Arab World (WB),,1973,8364015,12050159
Arab World (WB),,1974,8439182,12208875
Arab World (WB),,1975,8510271,12228554
Arab World (WB),,1976,8422278,12253825
Arab World (WB),,1977,8431573,12287249
Arab World (WB),,1978,8564767,12490229
Arab World (WB),,1979,8682917,12578263
Arab World (WB),,1980,8699599,12497329
Arab World (WB),,1981,8890132,12636494
Arab World (WB),,1982,9084804,12912093
Arab World (WB),,1983,9216035,13063356
Arab World (WB),,1984,9306757,13250078
Arab World (WB),,1985,9223417,12994952
Arab World (WB),,1986,9297636,13088649
Arab World (WB),,1987,9254274,12932349
Arab World (WB),,1988,9397613,13015996
Arab World (WB),,1989,9539194,13191683
Arab World (WB),,1990,9577689,13117902
Arab World (WB),,1991,9738126,13204939
Arab World (WB),,1992,10384909,14281882
Arab World (WB),,1993,10486714,14338123
Arab World (WB),,1994,10456498,14067548
Arab World (WB),,1995,10714464,14587149
Arab World (WB),,1996,10642178,14128546
Arab World (WB),,1997,10616680,14106450
Arab World (WB),,1998,10720161,14048229
Arab World (WB),,1999,10433845,13622230
Arab World (WB),,2000,10302544,13369416
Arab World (WB),,2001,10103089,12987052
Arab World (WB),,2002,9995005,12669865
Arab World (WB),,2003,9897788,12392224
Arab World (WB),,2004,9553827,12078976
Arab World (WB),,2005,9533409,11971785
Arab World (WB),,2006,9684817,11958987
Arab World (WB),,2007,9665413,11898070
Arab World (WB),,2008,9465703,11565026
Arab World (WB),,2009,9166402,11116886
Arab World (WB),,2010,9088107,10795630
Arab World (WB),,2011,9207469,10675082
Arab World (WB),,2012,9285061,10374694
Arab World (WB),,2013,9816616,10997949
Arab World (WB),,2014,9813739,11060963
Arab World (WB),,2015,9688454,10927816
Arab World (WB),,2016,9701437,10903703
Arab World (WB),,2017,9489870,10940616
Arab World (WB),,2018,9435733,10889841
Arab World (WB),,2019,9498115,10889884
Argentina,ARG,1974,593809,573724
Argentina,ARG,1975,583087,563703
Argentina,ARG,1998,366004,310946
Argentina,ARG,1999,315838,234962
Argentina,ARG,2000,267049,211623
Argentina,ARG,2001,249562,183861
Argentina,ARG,2002,253819,185798
Argentina,ARG,2003,271669,188785
Argentina,ARG,2004,288928,190760
Argentina,ARG,2005,311233,187376
Argentina,ARG,2006,320386,166678
Argentina,ARG,2007,325472,150083
Argentina,ARG,2008,310626,115616
Argentina,ARG,2009,317250,138825
Argentina,ARG,2010,276512,142669
Argentina,ARG,2011,261867,118362
Argentina,ARG,2012,223628,102553
Argentina,ARG,2013,206425,96090
Argentina,ARG,2014,197071,85345
Argentina,ARG,2015,172686,68331
Argentina,ARG,2016,148563,71117
Argentina,ARG,2017,157961,80216
Armenia,ARM,2007,15355,11484
Armenia,ARM,2011,16724,12799
Armenia,ARM,2019,28018,16781
Aruba,ABW,1999,270,149
Aruba,ABW,2000,214,251
Aruba,ABW,2001,321,291
Aruba,ABW,2002,133,198
Aruba,ABW,2003,308,506
Aruba,ABW,2004,110,526
Aruba,ABW,2005,207,502
Aruba,ABW,2007,57,206
Aruba,ABW,2008,386,307
Aruba,ABW,2009,632,323
Australia,AUS,1993,75482,60974
Australia,AUS,1994,77450,61478
Australia,AUS,1995,92742,79446
Australia,AUS,1996,77008,65656
Australia,AUS,2015,10429,2746
Australia,AUS,2016,13361,7383
Australia,AUS,2017,22243,17073
Australia,AUS,2018,47903,37700
Austria,AUT,1999,12837,16726
Austria,AUT,2000,13940,16413
Austria,AUT,2002,21120,23841
Austria,AUT,2003,21219,23651
Austria,AUT,2004,23202,29634
Austria,AUT,2005,16777,17087
Austria,AUT,2006,16580,14816
Austria,AUT,2007,19855,22339
Austria,AUT,2008,21604,23821
Austria,AUT,2009,22231,23772
Austria,AUT,2010,27220,26767
Austria,AUT,2011,27837,26636
Austria,AUT,2012,27870,25902
Austria,AUT,2013,24385,22348
Austria,AUT,2014,21720,19630
Austria,AUT,2015,19725,17240
Austria,AUT,2016,15997,14516
Austria,AUT,2017,16693,14921
Austria,AUT,2018,19194,15869
Azerbaijan,AZE,2013,40779,53445
Azerbaijan,AZE,2014,41951,44963
Azerbaijan,AZE,2015,29736,38403
Azerbaijan,AZE,2018,17955,14634
Azerbaijan,AZE,2019,34887,23079
Bahamas,BHS,1999,5225,5815
Bahamas,BHS,2004,3836,4057
Bahamas,BHS,2005,3066,3550
Bahamas,BHS,2006,3632,4076
Bahamas,BHS,2007,2956,2981
Bahamas,BHS,2008,3524,3663
Bahamas,BHS,2009,5311,4887
Bahamas,BHS,2010,6297,5711
Bahamas,BHS,2011,5588,5308
Bahamas,BHS,2012,6435,5767
Bahamas,BHS,2013,9332,8825
Bahamas,BHS,2014,8220,7946
Bahamas,BHS,2015,10241,10310
Bahamas,BHS,2016,9787,9240
Bahamas,BHS,2018,10705,9826
Bahrain,BHR,1977,4441,9332
Bahrain,BHR,1978,4707,9701
Bahrain,BHR,1979,4113,8892
Bahrain,BHR,1982,5259,9567
Bahrain,BHR,1983,4060,6612
Bahrain,BHR,1984,4461,5623
Bahrain,BHR,1985,3126,3383
Bahrain,BHR,1986,2085,1898
Bahrain,BHR,1987,3442,2730
Bahrain,BHR,1989,2890,2174
Bahrain,BHR,1994,2809,487
Bahrain,BHR,1995,1671,91
Bahrain,BHR,1997,3489,1658
Bahrain,BHR,1998,3376,2171
Bahrain,BHR,1999,4044,2569
Bahrain,BHR,2000,4373,2342
Bahrain,BHR,2001,6017,2254
Bahrain,BHR,2002,7910,3060
Bahrain,BHR,2003,9101,3502
Bahrain,BHR,2004,9195,3528
Bahrain,BHR,2005,10116,4362
Bahrain,BHR,2006,9425,3097
Bahrain,BHR,2011,8100,7426
Bahrain,BHR,2012,10471,8261
Bahrain,BHR,2013,9230,7140
Bahrain,BHR,2014,6150,4902
Bahrain,BHR,2015,3451,2906
Bahrain,BHR,2016,3121,1280
Bahrain,BHR,2017,3164,1489
Bahrain,BHR,2018,5407,2634
Bahrain,BHR,2019,8101,3173
Bangladesh,BGD,2005,6365438,5434406
Bangladesh,BGD,2006,6359175,5391982
Bangladesh,BGD,2009,5814363,4889338
Bangladesh,BGD,2010,5981627,4695048
Barbados,BRB,1983,2678,3247
Barbados,BRB,1989,2839,2085
Barbados,BRB,1999,241,461
Barbados,BRB,2000,576,945
Barbados,BRB,2001,1000,1387
Barbados,BRB,2002,1324,1578
Barbados,BRB,2003,1101,1395
Barbados,BRB,2004,1342,1042
Barbados,BRB,2005,1309,1332
Barbados,BRB,2006,743,995
Barbados,BRB,2007,1058,767
Barbados,BRB,2008,1042,899
Barbados,BRB,2009,1235,1045
Barbados,BRB,2010,1248,1097
Barbados,BRB,2011,1253,776
Barbados,BRB,2014,1090,779
Barbados,BRB,2015,781,396
Barbados,BRB,2016,924,151
Barbados,BRB,2017,797,432
Barbados,BRB,2018,763,424
Barbados,BRB,2019,680,475
Belarus,BLR,2010,9683,10453
Belarus,BLR,2011,12833,13183
Belarus,BLR,2012,14034,14402
Belarus,BLR,2013,12403,10381
Belarus,BLR,2014,8863,8501
Belarus,BLR,2015,4455,2903
Belarus,BLR,2016,3194,1999
Belarus,BLR,2017,5550,5688
Belarus,BLR,2018,6512,6174
Belgium,BEL,1977,103668,84755
Belgium,BEL,1993,10936,9290
Belgium,BEL,1999,10664,6046
Belgium,BEL,2000,15578,9235
Belgium,BEL,2001,9156,3832
Belgium,BEL,2002,7694,3912
Belgium,BEL,2003,4803,4997
Belgium,BEL,2004,10976,9675
Belgium,BEL,2005,14486,11590
Belgium,BEL,2006,11373,11505
Belgium,BEL,2007,13869,12326
Belgium,BEL,2008,13292,11392
Belgium,BEL,2009,14206,12506
Belgium,BEL,2010,18134,15907
Belgium,BEL,2011,17635,15307
Belgium,BEL,2012,13096,12660
Belgium,BEL,2013,11606,10873
Belgium,BEL,2014,11684,11623
Belgium,BEL,2015,11330,11694
Belgium,BEL,2016,8613,10344
Belgium,BEL,2017,4203,5697
Belgium,BEL,2018,7368,6465
Belize,BLZ,1999,4465,4571
Belize,BLZ,2000,4263,4701
Belize,BLZ,2001,4747,4997
Belize,BLZ,2003,3865,3814
Belize,BLZ,2005,4320,4705
Belize,BLZ,2006,4646,4533
Belize,BLZ,2007,5295,4825
Belize,BLZ,2008,5609,5288
Belize,BLZ,2009,5498,5319
Belize,BLZ,2010,5640,5356
Belize,BLZ,2011,5558,5424
Belize,BLZ,2012,4452,4524
Belize,BLZ,2013,4658,4786
Belize,BLZ,2014,4795,4925
Belize,BLZ,2015,4717,4916
Belize,BLZ,2016,4059,4394
Belize,BLZ,2017,4750,4611
Belize,BLZ,2018,4610,4566
Belize,BLZ,2019,4699,4428
Benin,BEN,2013,276931,475346
Bermuda,BMU,2011,978,656
Bhutan,BTN,1998,44492,51302
Bhutan,BTN,1999,44506,50637
Bhutan,BTN,2000,43576,48742
Bhutan,BTN,2001,43209,46955
Bhutan,BTN,2005,36875,35968
Bhutan,BTN,2006,33925,32039
Bhutan,BTN,2008,27708,25075
Bhutan,BTN,2009,25374,21176
Bhutan,BTN,2010,22291,17439
Bhutan,BTN,2011,20338,14995
Bhutan,BTN,2012,17647,12106
Bhutan,BTN,2013,18479,13102
Bhutan,BTN,2015,16001,11060
Bhutan,BTN,2016,16364,10790
Bhutan,BTN,2017,15652,9976
Bhutan,BTN,2018,14094,8068
Bolivia,BOL,2000,90383,115695
Bolivia,BOL,2001,85552,109235
Bolivia,BOL,2002,67506,89676
Bolivia,BOL,2003,66973,85065
Bolivia,BOL,2004,61502,75075
Bolivia,BOL,2005,64350,73268
Bolivia,BOL,2006,69816,74781
Bolivia,BOL,2007,76556,75216
Bolivia,BOL,2008,72854,70989
Bolivia,BOL,2009,127024,123271
Bolivia,BOL,2010,150780,145129
Bolivia,BOL,2011,178940,170196
Bolivia,BOL,2012,178194,172215
Bolivia,BOL,2013,176358,175250
Bolivia,BOL,2014,180766,180559
Bolivia,BOL,2015,179504,180567
Bolivia,BOL,2016,178061,177275
Bolivia,BOL,2017,180971,178584
Bolivia,BOL,2018,177428,173673
Botswana,BWA,1971,61792,58280
Botswana,BWA,1972,64378,60047
Botswana,BWA,1973,64884,56730
Botswana,BWA,1974,65420,55666
Botswana,BWA,1975,64111,52029
Botswana,BWA,1976,63260,50726
Botswana,BWA,1977,61745,48746
Botswana,BWA,1978,62890,49586
Botswana,BWA,1979,62943,48848
Botswana,BWA,1980,60082,45619
Botswana,BWA,1989,45399,39356
Botswana,BWA,1995,42366,33391
Botswana,BWA,1998,38889,32075
Botswana,BWA,1999,33646,25431
Botswana,BWA,2000,30130,22765
Botswana,BWA,2002,29729,22895
Botswana,BWA,2003,29328,22310
Brazil,BRA,2007,1602707,1178803
Brazil,BRA,2009,1330651,793058
Brazil,BRA,2011,1413802,1138511
British Virgin Islands,VGB,1999,111,140
British Virgin Islands,VGB,2000,249,234
British Virgin Islands,VGB,2001,282,127
British Virgin Islands,VGB,2011,93,91
British Virgin Islands,VGB,2012,191,160
British Virgin Islands,VGB,2013,169,133
British Virgin Islands,VGB,2014,166,81
British Virgin Islands,VGB,2015,121,110
British Virgin Islands,VGB,2016,202,140
British Virgin Islands,VGB,2017,296,267
British Virgin Islands,VGB,2018,430,385
Brunei,BRN,1979,6289,5897
Brunei,BRN,1980,6372,6090
Brunei,BRN,1981,6759,6141
Brunei,BRN,1982,7143,6510
Brunei,BRN,1983,6915,6315
Brunei,BRN,1984,7084,6593
Brunei,BRN,2005,1501,2389
Brunei,BRN,2006,2017,2683
Brunei,BRN,2007,2189,2558
Brunei,BRN,2008,2627,2811
Brunei,BRN,2009,2485,2300
Brunei,BRN,2010,1976,1494
Brunei,BRN,2011,1746,1343
Brunei,BRN,2012,1567,1017
Brunei,BRN,2013,2379,1157
Brunei,BRN,2014,3218,2136
Brunei,BRN,2015,4154,3012
Brunei,BRN,2016,3973,2744
Brunei,BRN,2017,3758,2537
Brunei,BRN,2018,3890,2737
Brunei,BRN,2019,3960,2650
Bulgaria,BGR,1998,50093,56162
Bulgaria,BGR,1999,45255,50279
Bulgaria,BGR,2000,39146,47467
Bulgaria,BGR,2001,34903,43067
Bulgaria,BGR,2002,35452,42214
Bulgaria,BGR,2003,48433,53985
Bulgaria,BGR,2004,44634,49556
Bulgaria,BGR,2005,45620,51101
Bulgaria,BGR,2006,46337,52091
Bulgaria,BGR,2007,43761,47251
Bulgaria,BGR,2008,44385,48510
Bulgaria,BGR,2009,45307,48576
Bulgaria,BGR,2010,41571,44622
Bulgaria,BGR,2011,34722,37142
Bulgaria,BGR,2012,33819,35598
Bulgaria,BGR,2013,29241,33217
Bulgaria,BGR,2014,27153,30969
Bulgaria,BGR,2015,26862,31710
Bulgaria,BGR,2016,33816,38090
Bulgaria,BGR,2017,39979,43198
Bulgaria,BGR,2018,50081,53221
Burkina Faso,BFA,1999,1272074,1411822
Burkina Faso,BFA,2001,1358838,1482351
Burkina Faso,BFA,2003,1396634,1520283
Burkina Faso,BFA,2004,1409287,1532677
Burkina Faso,BFA,2005,1389195,1515503
Burkina Faso,BFA,2006,1377808,1505486
Burkina Faso,BFA,2007,1341983,1474183
Burkina Faso,BFA,2008,1282968,1413542
Burkina Faso,BFA,2009,1256711,1382097
Burkina Faso,BFA,2010,1266109,1369088
Burkina Faso,BFA,2011,1234753,1325406
Burkina Faso,BFA,2012,1243866,1310755
Burkina Faso,BFA,2013,1248265,1284638
Burkina Faso,BFA,2015,1232969,1239542
Burkina Faso,BFA,2016,1230072,1217717
Burkina Faso,BFA,2017,1226921,1197017
Burkina Faso,BFA,2018,1196234,1155008
Burkina Faso,BFA,2019,1291645,1213740
Burundi,BDI,2009,418018,467635
Burundi,BDI,2010,366037,402021
Burundi,BDI,2017,367182,309342
Burundi,BDI,2018,407234,346351
Burundi,BDI,2019,451964,385769
Cambodia,KHM,1998,775539,985161
Cambodia,KHM,1999,856595,1040614
Cambodia,KHM,2000,836889,1021705
Cambodia,KHM,2001,835681,
Cambodia,KHM,2002,759542,
Cambodia,KHM,2003,703389,834639
Cambodia,KHM,2004,702172,792104
Cambodia,KHM,2006,528400,600216
Cambodia,KHM,2007,373153,474499
Cambodia,KHM,2008,404999,480902
Cameroon,CMR,1971,422647,575553
Cameroon,CMR,1972,443061,585500
Cameroon,CMR,2012,713770,1034387
Cameroon,CMR,2014,695959,1013795
Cameroon,CMR,2015,695517,1001515
Canada,CAN,2012,106130,92237
Canada,CAN,2013,113822,96168
Canada,CAN,2014,118003,102773
Canada,CAN,2015,109454,92234
Canada,CAN,2016,66481,52380
Canada,CAN,2017,52397,47125
Canada,CAN,2018,42055,42612
Cape Verde,CPV,2002,8310,7807
Cape Verde,CPV,2003,9387,8474
Cape Verde,CPV,2004,10698,9547
Cape Verde,CPV,2005,9851,8327
Cape Verde,CPV,2006,9682,7669
Cape Verde,CPV,2007,9470,7737
Cape Verde,CPV,2009,9100,7893
Cape Verde,CPV,2012,8336,7724
Cape Verde,CPV,2013,8157,7266
Cape Verde,CPV,2014,8110,7195
Cape Verde,CPV,2015,8138,7400
Cape Verde,CPV,2016,8513,7847
Cape Verde,CPV,2017,8287,7781
Cape Verde,CPV,2018,8281,7782
Cayman Islands,CYM,1999,83,316
Cayman Islands,CYM,2000,163,169
Cayman Islands,CYM,2001,232,333
Cayman Islands,CYM,2002,473,477
Cayman Islands,CYM,2004,651,635
Cayman Islands,CYM,2005,658,792
Cayman Islands,CYM,2006,587,714
Cayman Islands,CYM,2007,495,571
Cayman Islands,CYM,2008,565,579
Cayman Islands,CYM,2011,645,579
Cayman Islands,CYM,2012,668,598
Cayman Islands,CYM,2013,737,638
Cayman Islands,CYM,2018,761,748
Central African Republic,CAF,2009,313516,425183
Central African Republic,CAF,2011,311876,430781
Central African Republic,CAF,2012,311008,427369
Central Europe and the Baltics (WB),,1970,1491852,1244567
Central Europe and the Baltics (WB),,1971,1643235,1341772
Central Europe and the Baltics (WB),,1972,1600075,1304324
Central Europe and the Baltics (WB),,1973,1583647,1291332
Central Europe and the Baltics (WB),,1974,1562189,1276125
Central Europe and the Baltics (WB),,1975,1518094,1246991
Central Europe and the Baltics (WB),,1976,1473116,1213793
Central Europe and the Baltics (WB),,1977,1407634,1166907
Central Europe and the Baltics (WB),,1978,1253325,1064440
Central Europe and the Baltics (WB),,1979,1302472,1098806
Central Europe and the Baltics (WB),,1980,1270627,1082289
Central Europe and the Baltics (WB),,1981,1239633,1073857
Central Europe and the Baltics (WB),,1982,1198150,1029329
Central Europe and the Baltics (WB),,1983,1196057,1022664
Central Europe and the Baltics (WB),,1984,1203002,1029920
Central Europe and the Baltics (WB),,1985,1206726,1042561
Central Europe and the Baltics (WB),,1986,1228500,1071550
Central Europe and the Baltics (WB),,1987,1245040,1085001
Central Europe and the Baltics (WB),,1988,1192684,1066151
Central Europe and the Baltics (WB),,1989,1283131,1131877
Central Europe and the Baltics (WB),,1990,1327377,1189018
Central Europe and the Baltics (WB),,1991,1446783,1284074
Central Europe and the Baltics (WB),,1992,1476147,1294401
Central Europe and the Baltics (WB),,1993,1367014,1214115
Central Europe and the Baltics (WB),,1994,1273035,1134745
Central Europe and the Baltics (WB),,1995,1278156,1127516
Central Europe and the Baltics (WB),,1996,1234241,1083623
Central Europe and the Baltics (WB),,1997,1132484,991772
Central Europe and the Baltics (WB),,1998,1015583,881446
Central Europe and the Baltics (WB),,1999,920517,792876
Central Europe and the Baltics (WB),,2000,890161,750546
Central Europe and the Baltics (WB),,2001,778428,673104
Central Europe and the Baltics (WB),,2002,707051,611524
Central Europe and the Baltics (WB),,2003,700665,615292
Central Europe and the Baltics (WB),,2004,725326,629457
Central Europe and the Baltics (WB),,2005,663444,595039
Central Europe and the Baltics (WB),,2006,641019,570170
Central Europe and the Baltics (WB),,2007,596954,523625
Central Europe and the Baltics (WB),,2008,562508,499266
Central Europe and the Baltics (WB),,2009,547821,481946
Central Europe and the Baltics (WB),,2010,520510,459133
Central Europe and the Baltics (WB),,2011,501574,448150
Central Europe and the Baltics (WB),,2012,469277,425141
Central Europe and the Baltics (WB),,2013,421311,389380
Central Europe and the Baltics (WB),,2014,410553,381965
Central Europe and the Baltics (WB),,2015,391799,360256
Central Europe and the Baltics (WB),,2016,397709,367577
Central Europe and the Baltics (WB),,2017,400136,368681
Central Europe and the Baltics (WB),,2018,397157,370138
Central Europe and the Baltics (WB),,2019,394505,368335
Chad,TCD,1998,703302,956971
Chad,TCD,1999,718408,972583
Chad,TCD,2000,730918,986296
Chad,TCD,2001,737774,998879
Chad,TCD,2002,726507,1008677
Chad,TCD,2003,732951,1032994
Chad,TCD,2015,833358,1271532
Chad,TCD,2016,927752,1364687
Chad,TCD,2017,1097342,1505675
Chad,TCD,2018,990768,1420979
Chad,TCD,2019,1041447,1472056
Chile,CHL,2007,94624,91710
Chile,CHL,2008,98433,96937
Chile,CHL,2009,131357,122461
Chile,CHL,2010,98974,91662
Chile,CHL,2011,93968,88461
Chile,CHL,2012,98273,91162
Chile,CHL,2013,71291,72115
Chile,CHL,2014,64803,66457
Chile,CHL,2015,60325,62351
Chile,CHL,2016,56502,58594
Chile,CHL,2017,53196,57141
Chile,CHL,2018,42410,49020
Colombia,COL,2005,560275,440140
Colombia,COL,2006,484393,349697
Colombia,COL,2007,436734,302616
Colombia,COL,2008,408580,318342
Colombia,COL,2009,346472,281473
Colombia,COL,2010,352365,305231
Colombia,COL,2011,294936,258592
Colombia,COL,2012,398981,347108
Colombia,COL,2013,423087,354026
Colombia,COL,2014,467245,398083
Colombia,COL,2015,407347,342672
Colombia,COL,2016,417889,345053
Colombia,COL,2017,376262,312308
Colombia,COL,2018,351015,284501
Comoros,COM,2013,27989,29039
Comoros,COM,2014,29585,28807
Comoros,COM,2017,34153,32874
Comoros,COM,2018,32280,29705
Congo,COG,1974,34300,78501
Congo,COG,1976,25821,69259
Costa Rica,CRI,1970,78146,76322
Costa Rica,CRI,1973,78688,74164
Costa Rica,CRI,1975,85171,80235
Costa Rica,CRI,1976,83260,78686
Costa Rica,CRI,1979,82213,77377
Costa Rica,CRI,1981,79658,76446
Costa Rica,CRI,1982,85887,82378
Costa Rica,CRI,1985,92128,90248
Costa Rica,CRI,1986,88374,87474
Costa Rica,CRI,1987,88124,87374
Costa Rica,CRI,1989,89924,89211
Costa Rica,CRI,1990,92636,89990
Costa Rica,CRI,1991,93627,89375
Costa Rica,CRI,2011,28238,24375
Costa Rica,CRI,2012,28055,24781
Costa Rica,CRI,2013,26625,22084
Costa Rica,CRI,2014,27501,23759
Costa Rica,CRI,2015,22678,20255
Costa Rica,CRI,2016,19398,16172
Costa Rica,CRI,2017,29784,25204
Costa Rica,CRI,2018,12854,9983
Costa Rica,CRI,2019,8258,5401
Cote d'Ivoire,CIV,2014,1332054,1767423
Cote d'Ivoire,CIV,2016,1081130,1519019
Cote d'Ivoire,CIV,2017,1030055,1437964
Cote d'Ivoire,CIV,2018,979989,1341820
Cote d'Ivoire,CIV,2019,957509,1284320
Croatia,HRV,1999,48787,41724
Croatia,HRV,2000,45266,38405
Croatia,HRV,2001,39279,33816
Croatia,HRV,2002,34086,29209
Croatia,HRV,2003,30739,25160
Croatia,HRV,2005,26625,18518
Croatia,HRV,2008,22063,12971
Croatia,HRV,2009,20695,11530
Croatia,HRV,2010,21282,6377
Croatia,HRV,2011,16357,7407
Croatia,HRV,2012,12943,4477
Croatia,HRV,2013,14704,5893
Croatia,HRV,2014,16092,7672
Croatia,HRV,2015,18925,9173
Croatia,HRV,2016,21106,11292
Croatia,HRV,2017,20896,11597
Croatia,HRV,2018,18543,9761
Cuba,CUB,1986,232622,217852
Cuba,CUB,1987,228797,219563
Cuba,CUB,1988,226223,211218
Cuba,CUB,1989,222852,190279
Cuba,CUB,1990,211859,191018
Cuba,CUB,1991,220991,170605
Cuba,CUB,1992,214588,158078
Cuba,CUB,1994,207611,168686
Cuba,CUB,1999,98613,81372
Cuba,CUB,2000,67589,73388
Cuba,CUB,2001,65915,66302
Cuba,CUB,2002,60237,72798
Cuba,CUB,2003,56589,69250
Cuba,CUB,2004,71231,70222
Cuba,CUB,2005,64869,61595
Cuba,CUB,2006,58062,50958
Cuba,CUB,2007,55224,51458
Cuba,CUB,2008,58164,55540
Cuba,CUB,2009,59912,55523
Cuba,CUB,2010,42347,44219
Cuba,CUB,2011,46552,46151
Cuba,CUB,2012,56848,51894
Cuba,CUB,2013,58569,54027
Cuba,CUB,2014,73609,62431
Cuba,CUB,2015,85595,71396
Cuba,CUB,2016,80242,66441
Cuba,CUB,2017,74847,57054
Cuba,CUB,2018,68429,52831
Cuba,CUB,2019,63655,50284
Cyprus,CYP,1999,4150,2767
Cyprus,CYP,2000,5128,3785
Cyprus,CYP,2001,4786,3855
Cyprus,CYP,2002,3164,1887
Cyprus,CYP,2003,2737,1309
Cyprus,CYP,2004,3148,1904
Cyprus,CYP,2005,2068,1132
Cyprus,CYP,2006,2016,1133
Cyprus,CYP,2007,1559,690
Cyprus,CYP,2008,1289,605
Cyprus,CYP,2009,1360,717
Cyprus,CYP,2010,3651,2716
Cyprus,CYP,2011,3228,2643
Cyprus,CYP,2012,2795,2084
Cyprus,CYP,2013,2356,1763
Cyprus,CYP,2014,2032,1385
Cyprus,CYP,2015,1576,1337
Cyprus,CYP,2016,1735,1643
Cyprus,CYP,2017,1194,1220
Cyprus,CYP,2018,910,1343
Czechia,CZE,2013,28993,25659
Czechia,CZE,2014,20433,17937
Czechia,CZE,2015,11322,9340
Czechia,CZE,2016,5201,3142
Czechia,CZE,2017,6173,4522
Czechia,CZE,2018,9953,8441
Democratic Republic of Congo,COD,1992,2284808,3115887
Democratic Republic of Congo,COD,1993,2334337,3174139
Democratic Republic of Congo,COD,1994,2446191,3436165
Denmark,DNK,1998,21188,15827
Denmark,DNK,2000,17080,14890
Denmark,DNK,2001,20558,15495
Denmark,DNK,2002,18732,12464
Denmark,DNK,2004,19149,13141
Denmark,DNK,2005,16909,13749
Denmark,DNK,2006,18788,14686
Denmark,DNK,2007,18756,14013
Denmark,DNK,2008,18695,14282
Denmark,DNK,2009,18317,14591
Denmark,DNK,2010,17965,15333
Denmark,DNK,2011,14845,12492
Denmark,DNK,2012,16144,13817
Denmark,DNK,2013,16659,13351
Denmark,DNK,2014,19397,14421
Denmark,DNK,2015,18515,13706
Denmark,DNK,2016,16855,12589
Denmark,DNK,2017,15123,11731
Denmark,DNK,2018,14434,11274
Djibouti,DJI,2001,83658,91334
Djibouti,DJI,2002,83518,91909
Djibouti,DJI,2004,80651,90314
Djibouti,DJI,2005,80281,90282
Djibouti,DJI,2008,67109,67627
Djibouti,DJI,2015,58868,47111
Dominica,DMA,2000,621,135
Dominica,DMA,2001,994,443
Dominica,DMA,2003,1013,532
Dominica,DMA,2004,1076,635
Dominica,DMA,2005,1235,840
Dominica,DMA,2006,1892,1258
Dominica,DMA,2009,1710,1068
Dominica,DMA,2010,986,763
Dominica,DMA,2011,973,773
Dominica,DMA,2015,445,383
Dominica,DMA,2016,289,192
Dominica,DMA,2019,329,303
Dominican Republic,DOM,1999,271797,241338
Dominican Republic,DOM,2000,244705,221070
Dominican Republic,DOM,2002,193842,130700
Dominican Republic,DOM,2004,242187,218124
Dominican Republic,DOM,2005,227131,193832
Dominican Republic,DOM,2007,150986,119352
Dominican Republic,DOM,2008,178359,149232
Dominican Republic,DOM,2009,136978,173377
Dominican Republic,DOM,2010,131173,155532
Dominican Republic,DOM,2011,144468,149574
Dominican Republic,DOM,2012,150716,155314
Dominican Republic,DOM,2013,136310,138980
Dominican Republic,DOM,2014,138276,141879
Dominican Republic,DOM,2015,119421,120347
Dominican Republic,DOM,2016,119232,114679
Dominican Republic,DOM,2017,127041,120664
Dominican Republic,DOM,2018,141145,128472
Dominican Republic,DOM,2019,108530,96476
EU (27),,1970,5820647,5427536
EU (27),,1971,6062940,5604342
EU (27),,1972,6050133,5625514
EU (27),,1973,6017329,5723326
EU (27),,1974,5659213,5351702
EU (27),,1975,5600334,5324135
EU (27),,1976,5646976,5279737
EU (27),,1977,5381107,5118049
EU (27),,1978,5261822,4968635
EU (27),,1979,5276108,4909740
EU (27),,1980,5188162,4833247
EU (27),,1981,5298441,4901776
EU (27),,1982,5190443,4792534
EU (27),,1983,5160064,4735036
EU (27),,1984,5087014,4669190
EU (27),,1985,4992071,4570289
EU (27),,1986,4756447,4311782
EU (27),,1987,4488704,4069497
EU (27),,1988,4298429,3910103
EU (27),,1989,4250322,3850165
EU (27),,1990,4166708,3794118
EU (27),,1991,4095728,3708033
EU (27),,1992,3972150,3597574
EU (27),,1993,3386413,3073663
EU (27),,1994,2888532,2687788
EU (27),,1995,2770895,2567161
EU (27),,1996,2595424,2390075
EU (27),,1997,2513105,2291468
EU (27),,1998,2366202,2121823
EU (27),,1999,2257395,1980730
EU (27),,2000,2128616,1897394
EU (27),,2001,2030664,1718365
EU (27),,2002,1919586,1628244
EU (27),,2003,1937690,1613713
EU (27),,2004,1921029,1582831
EU (27),,2005,1554196,1277680
EU (27),,2006,1562400,1273854
EU (27),,2007,1616276,1348878
EU (27),,2008,1443135,1245582
EU (27),,2009,1449734,1241212
EU (27),,2010,1368139,1197083
EU (27),,2011,1466589,1306831
EU (27),,2012,1507367,1372734
EU (27),,2013,1315913,1178880
EU (27),,2014,1272540,1139912
EU (27),,2015,1168636,1017558
EU (27),,2016,1165297,1005961
EU (27),,2017,1128818,1012335
EU (27),,2018,1174725,1047725
EU (27),,2019,1169575,1043493
East Asia and the Pacific (WB),,1970,37279556,54571268
East Asia and the Pacific (WB),,1971,36612990,53938810
East Asia and the Pacific (WB),,1972,35947028,52711944
East Asia and the Pacific (WB),,1973,33643720,47327230
East Asia and the Pacific (WB),,1974,35254188,48302450
East Asia and the Pacific (WB),,1975,34545464,46366296
East Asia and the Pacific (WB),,1976,33737310,45170508
East Asia and the Pacific (WB),,1977,37116470,51360736
East Asia and the Pacific (WB),,1978,42013010,61051364
East Asia and the Pacific (WB),,1979,43366720,63522332
East Asia and the Pacific (WB),,1980,45590190,66419704
East Asia and the Pacific (WB),,1981,47241636,67918210
East Asia and the Pacific (WB),,1982,49806684,70862790
East Asia and the Pacific (WB),,1983,51693070,73130104
East Asia and the Pacific (WB),,1984,52521790,73963030
East Asia and the Pacific (WB),,1985,51254490,69848120
East Asia and the Pacific (WB),,1986,49732744,65716856
East Asia and the Pacific (WB),,1987,46653004,59914840
East Asia and the Pacific (WB),,1988,45100704,57962376
East Asia and the Pacific (WB),,1989,44015880,56213140
East Asia and the Pacific (WB),,1990,43640772,55160416
East Asia and the Pacific (WB),,1991,41892788,52798210
East Asia and the Pacific (WB),,1992,40087250,49945690
East Asia and the Pacific (WB),,1993,38875950,47707564
East Asia and the Pacific (WB),,1994,38626570,46786892
East Asia and the Pacific (WB),,1995,38912090,45935650
East Asia and the Pacific (WB),,1996,38464120,44288896
East Asia and the Pacific (WB),,1997,39295900,44377330
East Asia and the Pacific (WB),,1998,37746170,41996784
East Asia and the Pacific (WB),,1999,36035840,39648240
East Asia and the Pacific (WB),,2000,36683356,39430876
East Asia and the Pacific (WB),,2001,36993790,39094750
East Asia and the Pacific (WB),,2002,36543070,37752424
East Asia and the Pacific (WB),,2003,35422296,35565664
East Asia and the Pacific (WB),,2004,34850016,33612104
East Asia and the Pacific (WB),,2005,34735548,32502136
East Asia and the Pacific (WB),,2006,33564780,31014306
East Asia and the Pacific (WB),,2007,28493872,25912074
East Asia and the Pacific (WB),,2008,25817940,23553714
East Asia and the Pacific (WB),,2009,22889278,20494760
East Asia and the Pacific (WB),,2010,21264246,18410416
East Asia and the Pacific (WB),,2011,20214162,16687579
East Asia and the Pacific (WB),,2012,20184076,16554080
East Asia and the Pacific (WB),,2013,20488850,16443455
East Asia and the Pacific (WB),,2014,20238344,16012145
East Asia and the Pacific (WB),,2015,19772606,15583137
East Asia and the Pacific (WB),,2016,19646574,15217514
East Asia and the Pacific (WB),,2017,19189682,14528016
East Asia and the Pacific (WB),,2018,19022686,14073465
East Asia and the Pacific (WB),,2019,18958168,13842653
East Timor,TLS,2008,39818,43018
East Timor,TLS,2009,33449,36808
East Timor,TLS,2010,33572,35667
East Timor,TLS,2011,28044,30595
East Timor,TLS,2012,28752,30595
East Timor,TLS,2013,28612,29318
East Timor,TLS,2014,27819,25800
East Timor,TLS,2015,25634,22733
East Timor,TLS,2016,24587,21041
East Timor,TLS,2017,22386,17709
East Timor,TLS,2018,24430,18784
East Timor,TLS,2019,24513,16667
Ecuador,ECU,1998,345748,315558
Ecuador,ECU,1999,343881,316997
Ecuador,ECU,2000,341586,316981
Ecuador,ECU,2001,338166,306854
Ecuador,ECU,2002,325683,303142
Ecuador,ECU,2003,337167,307014
Ecuador,ECU,2005,331407,305229
Ecuador,ECU,2006,322051,295955
Ecuador,ECU,2007,308311,282697
Ecuador,ECU,2009,235847,206306
Ecuador,ECU,2010,211450,191152
Ecuador,ECU,2011,206447,184619
Ecuador,ECU,2012,178953,150131
Ecuador,ECU,2013,145290,119663
Ecuador,ECU,2014,138470,111119
Ecuador,ECU,2015,133399,98530
Ecuador,ECU,2016,123613,84242
Ecuador,ECU,2017,136987,96623
Ecuador,ECU,2018,150719,102785
Egypt,EGY,2014,1055276,958493
Egypt,EGY,2016,878825,814115
Egypt,EGY,2017,854802,775469
Egypt,EGY,2018,824303,721474
Egypt,EGY,2019,780760,646941
El Salvador,SLV,2000,131618,155336
El Salvador,SLV,2001,124263,145325
El Salvador,SLV,2002,105458,129886
El Salvador,SLV,2005,75288,87458
El Salvador,SLV,2006,81999,92526
El Salvador,SLV,2007,85474,93728
El Salvador,SLV,2008,86729,96565
El Salvador,SLV,2009,85265,95036
El Salvador,SLV,2010,73694,87855
El Salvador,SLV,2011,69594,85551
El Salvador,SLV,2012,71532,85597
El Salvador,SLV,2013,78365,87893
El Salvador,SLV,2014,94794,98958
El Salvador,SLV,2015,111069,113415
El Salvador,SLV,2016,123251,123931
El Salvador,SLV,2017,150567,149622
El Salvador,SLV,2018,142070,140332
Eritrea,ERI,1994,189853,210871
Eritrea,ERI,1995,187757,211000
Eritrea,ERI,1997,190464,215246
Eritrea,ERI,1999,179537,210791
Eritrea,ERI,2000,162435,199425
Eritrea,ERI,2001,170249,207968
Eritrea,ERI,2002,152140,201909
Eritrea,ERI,2003,136764,190010
Eritrea,ERI,2004,139567,212304
Eritrea,ERI,2005,131886,201252
Eritrea,ERI,2006,126304,195202
Eritrea,ERI,2007,142679,197505
Eritrea,ERI,2008,139624,195665
Eritrea,ERI,2009,138465,191598
Eritrea,ERI,2010,140204,187229
Eritrea,ERI,2011,131203,177627
Eritrea,ERI,2012,122144,170035
Eritrea,ERI,2013,131029,173447
Eritrea,ERI,2014,141991,183253
Eritrea,ERI,2015,173317,207358
Eritrea,ERI,2017,218343,244119
Eritrea,ERI,2018,224986,249653
Estonia,EST,1998,10926,8175
Estonia,EST,1999,7925,3194
Estonia,EST,2000,7463,2161
Estonia,EST,2001,6763,1584
Estonia,EST,2002,6287,1238
Estonia,EST,2003,5799,1342
Estonia,EST,2004,5596,2180
Estonia,EST,2005,4632,2012
Estonia,EST,2006,3966,1661
Estonia,EST,2007,3393,914
Estonia,EST,2008,3844,1838
Estonia,EST,2009,3679,2805
Estonia,EST,2010,3486,2869
Estonia,EST,2011,2989,2462
Estonia,EST,2012,2835,2399
Estonia,EST,2013,3202,2734
Estonia,EST,2014,2509,2403
Estonia,EST,2015,2317,2064
Estonia,EST,2016,2083,1683
Estonia,EST,2017,1756,1220
Estonia,EST,2018,1632,1177
Eswatini,SWZ,1971,30623,33783
Eswatini,SWZ,1972,29836,33170
Eswatini,SWZ,1974,28896,31210
Eswatini,SWZ,1975,29198,30893
Eswatini,SWZ,1976,29502,31192
Eswatini,SWZ,1977,30247,31272
Eswatini,SWZ,2009,22240,29521
Eswatini,SWZ,2010,17838,24112
Eswatini,SWZ,2011,9297,20228
Eswatini,SWZ,2012,14776,21735
Eswatini,SWZ,2013,18591,23441
Eswatini,SWZ,2014,19221,22095
Eswatini,SWZ,2015,20111,22280
Ethiopia,ETH,1999,5769830,7080687
Ethiopia,ETH,2000,5772086,6988262
Ethiopia,ETH,2001,5479477,6843420
Ethiopia,ETH,2002,5305452,6754144
Ethiopia,ETH,2014,4659447,5223073
Ethiopia,ETH,2015,4822492,5478146
Europe and Central Asia (WB),,1970,9381852,9775341
Europe and Central Asia (WB),,1971,9671170,10016614
Europe and Central Asia (WB),,1972,9787581,10180411
Europe and Central Asia (WB),,1973,9813149,10330382
Europe and Central Asia (WB),,1974,9483887,10066613
Europe and Central Asia (WB),,1975,9361204,9964629
Europe and Central Asia (WB),,1976,9324629,9837178
Europe and Central Asia (WB),,1977,8997937,9638768
Europe and Central Asia (WB),,1978,8803447,9480724
Europe and Central Asia (WB),,1979,8761070,9368987
Europe and Central Asia (WB),,1980,8647151,9299512
Europe and Central Asia (WB),,1981,8852376,9500816
Europe and Central Asia (WB),,1982,8737469,9348183
Europe and Central Asia (WB),,1983,8715446,9269826
Europe and Central Asia (WB),,1984,8540368,8942581
Europe and Central Asia (WB),,1985,8408864,8822708
Europe and Central Asia (WB),,1986,8170833,8594991
Europe and Central Asia (WB),,1987,7877328,8336003
Europe and Central Asia (WB),,1988,7632038,8057657
Europe and Central Asia (WB),,1989,7698889,8118997
Europe and Central Asia (WB),,1990,7670254,8066701
Europe and Central Asia (WB),,1991,7539652,7849181
Europe and Central Asia (WB),,1992,7523946,7791709
Europe and Central Asia (WB),,1993,7100332,7475138
Europe and Central Asia (WB),,1994,6799131,7278427
Europe and Central Asia (WB),,1995,6854087,7269650
Europe and Central Asia (WB),,1996,6723908,7216338
Europe and Central Asia (WB),,1997,6721062,7261129
Europe and Central Asia (WB),,1998,6275860,6802273
Europe and Central Asia (WB),,1999,5925628,6377036
Europe and Central Asia (WB),,2000,5757759,6188883
Europe and Central Asia (WB),,2001,5186413,5457717
Europe and Central Asia (WB),,2002,4665774,5003263
Europe and Central Asia (WB),,2003,4212371,4519246
Europe and Central Asia (WB),,2004,4417282,4614673
Europe and Central Asia (WB),,2005,4516567,4641147
Europe and Central Asia (WB),,2006,4483635,4534543
Europe and Central Asia (WB),,2007,4427600,4449386
Europe and Central Asia (WB),,2008,4078024,4089624
Europe and Central Asia (WB),,2009,4204701,4171641
Europe and Central Asia (WB),,2010,3773182,3776910
Europe and Central Asia (WB),,2011,3591345,3600398
Europe and Central Asia (WB),,2012,3647778,3577655
Europe and Central Asia (WB),,2013,3119126,3074024
Europe and Central Asia (WB),,2014,3063009,2951614
Europe and Central Asia (WB),,2015,2852060,2735887
Europe and Central Asia (WB),,2016,2861184,2715723
Europe and Central Asia (WB),,2017,2618102,2585353
Europe and Central Asia (WB),,2018,2661956,2544588
Europe and Central Asia (WB),,2019,2658176,2544032
Fiji,FJI,1999,19950,13926
Fiji,FJI,2000,19565,14988
Fiji,FJI,2001,15526,12020
Fiji,FJI,2002,14768,9307
Fiji,FJI,2003,12876,8872
Fiji,FJI,2004,9695,6065
Fiji,FJI,2006,10457,6572
Fiji,FJI,2007,13022,7604
Fiji,FJI,2009,12233,7586
Fiji,FJI,2011,9470,5295
Fiji,FJI,2012,10171,5119
Finland,FIN,1998,16620,10519
Finland,FIN,1999,11037,9665
Finland,FIN,2000,11622,9360
Finland,FIN,2001,10300,8217
Finland,FIN,2002,10375,8559
Finland,FIN,2003,9661,9420
Finland,FIN,2004,12735,13212
Finland,FIN,2005,11568,11700
Finland,FIN,2006,11272,11145
Finland,FIN,2007,10286,9673
Finland,FIN,2008,11288,10730
Finland,FIN,2009,12460,11667
Finland,FIN,2010,12508,11956
Finland,FIN,2011,12401,12371
Finland,FIN,2012,12349,12341
Finland,FIN,2013,9350,8813
Finland,FIN,2014,8541,7862
Finland,FIN,2015,7256,6680
Finland,FIN,2016,6299,5625
Finland,FIN,2017,6489,6102
Finland,FIN,2018,5430,6134
France,FRA,1999,267339,234209
France,FRA,2000,279599,246950
France,FRA,2001,289398,255683
France,FRA,2002,300084,258470
France,FRA,2003,314798,269117
France,FRA,2004,323148,273106
France,FRA,2005,112794,86229
France,FRA,2006,105670,91087
France,FRA,2007,115002,88746
France,FRA,2008,116287,93623
France,FRA,2009,123015,98865
France,FRA,2010,129827,110582
France,FRA,2011,129542,93636
France,FRA,2012,125636,89058
France,FRA,2013,130444,97424
France,FRA,2014,166840,132234
France,FRA,2015,133343,101305
France,FRA,2016,117362,87111
France,FRA,2017,100259,71762
France,FRA,2018,82530,61569
Georgia,GEO,1996,80709,77556
Georgia,GEO,1997,62462,62568
Georgia,GEO,2005,22144,3959
Georgia,GEO,2008,11141,4442
Georgia,GEO,2013,13494,10865
Georgia,GEO,2014,11921,8205
Georgia,GEO,2015,11641,6132
Georgia,GEO,2016,13361,8673
Georgia,GEO,2017,10318,5458
Georgia,GEO,2018,8086,3179
Georgia,GEO,2019,6972,2382
Germany,DEU,2002,189670,209297
Germany,DEU,2003,189461,203239
Germany,DEU,2004,169365,193173
Germany,DEU,2005,149519,173953
Germany,DEU,2006,165310,175857
Germany,DEU,2007,180204,184055
Germany,DEU,2008,178546,183217
Germany,DEU,2009,204995,194951
Germany,DEU,2010,208057,192620
Germany,DEU,2011,193832,182347
Germany,DEU,2012,234534,224259
Germany,DEU,2013,273464,258481
Germany,DEU,2014,295258,271591
Germany,DEU,2015,297490,261440
Germany,DEU,2016,281096,255850
Germany,DEU,2017,266872,256822
Germany,DEU,2018,311984,272824
Ghana,GHA,1999,1290299,1419744
Ghana,GHA,2000,1177052,1310142
Ghana,GHA,2001,1332794,1424102
Ghana,GHA,2002,1255926,1355043
Ghana,GHA,2003,1368766,1414618
Ghana,GHA,2005,1179928,1283470
Ghana,GHA,2006,1076603,1130642
Ghana,GHA,2007,906925,973476
Ghana,GHA,2008,806408,874845
Ghana,GHA,2009,841040,895331
Ghana,GHA,2017,525393,475505
Ghana,GHA,2018,548701,493069
Ghana,GHA,2019,418221,342031
Gibraltar,GIB,2016,108,102
Gibraltar,GIB,2019,86,108
Greece,GRC,1998,107000,78005
Greece,GRC,1999,103384,75121
Greece,GRC,2000,96346,67577
Greece,GRC,2001,86156,61905
Greece,GRC,2002,65443,53428
Greece,GRC,2003,64371,55341
Greece,GRC,2004,54297,53747
Greece,GRC,2005,31325,35381
Greece,GRC,2006,29278,39188
Greece,GRC,2007,41188,50738
Greece,GRC,2010,17229,21087
Greece,GRC,2013,20505,26996
Greece,GRC,2014,30043,36226
Greece,GRC,2015,22494,30306
Greece,GRC,2016,21094,27415
Greece,GRC,2017,18140,22800
Greece,GRC,2018,17012,20784
Grenada,GRD,1972,2770,2663
Grenada,GRD,2002,519,135
Grenada,GRD,2003,862,788
Grenada,GRD,2004,417,222
Grenada,GRD,2005,656,676
Guatemala,GTM,1999,582225,724319
Guatemala,GTM,2000,571829,683257
Guatemala,GTM,2001,566583,671741
Guatemala,GTM,2002,529947,633029
Guatemala,GTM,2008,469283,530997
Guatemala,GTM,2009,447306,496047
Guatemala,GTM,2010,413270,459593
Guatemala,GTM,2011,468937,509179
Guatemala,GTM,2012,520866,562114
Guatemala,GTM,2013,558109,601857
Guatemala,GTM,2014,596824,634700
Guatemala,GTM,2015,608102,646889
Guatemala,GTM,2016,635253,673064
Guatemala,GTM,2017,645312,675439
Guatemala,GTM,2018,645958,666563
Guinea,GIN,1999,704372,949218
Guinea,GIN,2001,697201,936471
Guinea,GIN,2002,640593,896551
Guinea,GIN,2004,625516,871127
Guinea,GIN,2005,614210,851338
Guinea,GIN,2006,614258,839183
Guinea,GIN,2011,615839,846587
Guinea,GIN,2014,589276,842734
Guinea-Bissau,GNB,2000,74083,109064
Guyana,GUY,1971,23144,22741
Guyana,GUY,2009,13588,14299
Guyana,GUY,2011,6118,6277
Guyana,GUY,2012,8080,7922
Honduras,HND,2013,357973,313202
Honduras,HND,2014,443196,394671
Honduras,HND,2015,447277,391801
Honduras,HND,2016,433529,379997
Honduras,HND,2017,418179,366308
Honduras,HND,2019,331887,287664
Hong Kong,HKG,2012,20120,15996
Hong Kong,HKG,2013,19641,15570
Hong Kong,HKG,2014,19515,14631
Hong Kong,HKG,2015,19452,13361
Hong Kong,HKG,2016,15807,7892
Hong Kong,HKG,2017,13899,5681
Hungary,HUN,1997,135757,122777
Hungary,HUN,1998,88198,82069
Hungary,HUN,1999,64793,59600
Hungary,HUN,2000,59590,55380
Hungary,HUN,2001,46399,42373
Hungary,HUN,2002,36298,33801
Hungary,HUN,2003,34377,32804
Hungary,HUN,2004,37774,44532
Hungary,HUN,2005,34265,34712
Hungary,HUN,2006,32186,31882
Hungary,HUN,2007,34325,33594
Hungary,HUN,2008,32297,32600
Hungary,HUN,2009,36740,35294
Hungary,HUN,2010,39304,36793
Hungary,HUN,2011,43990,41922
Hungary,HUN,2012,41973,39690
Hungary,HUN,2013,37409,35587
Hungary,HUN,2014,36406,33564
Hungary,HUN,2015,38397,35308
Hungary,HUN,2016,36676,35098
Hungary,HUN,2017,37208,34570
Hungary,HUN,2018,39712,36971
Iceland,ISL,1998,2296,2045
Iceland,ISL,1999,2815,2367
Iceland,ISL,2000,3138,2577
Iceland,ISL,2001,3053,2573
Iceland,ISL,2002,2708,2331
Iceland,ISL,2003,2773,2408
Iceland,ISL,2004,2702,2547
Iceland,ISL,2005,2209,2155
Iceland,ISL,2006,2051,1886
Iceland,ISL,2007,2088,1541
Iceland,ISL,2008,2098,1594
Iceland,ISL,2009,2366,1857
Iceland,ISL,2010,2251,1832
Iceland,ISL,2011,2430,2129
Iceland,ISL,2012,2459,2115
Iceland,ISL,2013,2441,1939
Iceland,ISL,2014,2236,1850
Iceland,ISL,2015,1950,1588
Iceland,ISL,2016,1722,1280
Iceland,ISL,2017,1425,992
Iceland,ISL,2018,1307,953
India,IND,2013,33764896,27408836
Indonesia,IDN,2001,6284179,6473340
Indonesia,IDN,2002,5778261,5942847
Indonesia,IDN,2003,5217510,5448269
Indonesia,IDN,2004,5150382,5298658
Indonesia,IDN,2005,5923173,6203391
Indonesia,IDN,2006,5902640,6019366
Indonesia,IDN,2007,4459205,4746181
Indonesia,IDN,2008,4714792,4869453
Indonesia,IDN,2009,4306948,4571931
Indonesia,IDN,2010,4245925,4102888
Indonesia,IDN,2011,3721222,3145752
Indonesia,IDN,2012,3657846,3181922
Indonesia,IDN,2013,3556499,3638417
Indonesia,IDN,2014,3824824,3992630
Indonesia,IDN,2018,3492542,3498711
Iran,IRN,2009,892632,1125704
Iran,IRN,2010,941777,1173429
Iran,IRN,2011,793240,1025226
Iran,IRN,2012,556847,817177
Iran,IRN,2013,613853,784302
Iran,IRN,2014,567978,743662
Iran,IRN,2016,476896,612980
Iran,IRN,2017,467517,560954
Iraq,IRQ,1999,891780,1367119
Iraq,IRQ,2000,902381,1394781
Iraq,IRQ,2003,765907,1228391
Iraq,IRQ,2004,694449,1248442
Iraq,IRQ,2007,614171,1156384
Ireland,IRL,1973,28026,20755
Ireland,IRL,1974,27941,20257
Ireland,IRL,1998,18568,9205
Ireland,IRL,1999,14663,5096
Ireland,IRL,2000,15078,4499
Ireland,IRL,2001,15918,4378
Ireland,IRL,2002,15409,3441
Ireland,IRL,2003,12640,2176
Ireland,IRL,2004,9368,1536
Ireland,IRL,2005,9257,1131
Ireland,IRL,2006,10638,3163
Ireland,IRL,2007,6014,2170
Ireland,IRL,2008,7702,3051
Ireland,IRL,2009,6175,2431
Ireland,IRL,2010,5058,33
Ireland,IRL,2011,3084,1244
Ireland,IRL,2012,2350,85
Ireland,IRL,2016,1291,64
Ireland,IRL,2018,2155,594
Israel,ISR,1999,10725,11909
Israel,ISR,2000,5771,4717
Israel,ISR,2001,4455,2727
Israel,ISR,2007,5136,737
Israel,ISR,2012,8536,130
Israel,ISR,2013,7796,971
Israel,ISR,2014,7995,817
Israel,ISR,2015,6352,430
Italy,ITA,1999,352569,308577
Italy,ITA,2000,266087,300023
Italy,ITA,2001,299345,236410
Italy,ITA,2002,241404,216536
Italy,ITA,2003,232777,195062
Italy,ITA,2004,213841,165146
Italy,ITA,2005,200190,159446
Italy,ITA,2006,149556,120572
Italy,ITA,2007,165207,140343
Italy,ITA,2008,104720,96976
Italy,ITA,2009,114774,103748
Italy,ITA,2010,89120,83136
Italy,ITA,2011,150443,136413
Italy,ITA,2012,161969,139506
Italy,ITA,2013,116496,94655
Italy,ITA,2014,123213,96986
Italy,ITA,2015,123882,88145
Italy,ITA,2016,144938,94457
Italy,ITA,2017,134031,114995
Italy,ITA,2018,146592,132984
Jamaica,JAM,1999,33999,32050
Jamaica,JAM,2000,38968,35204
Jamaica,JAM,2001,39669,37181
Jamaica,JAM,2002,40709,35419
Jamaica,JAM,2003,44886,36786
Jamaica,JAM,2004,35409,27580
Jamaica,JAM,2015,56602,36866
Jamaica,JAM,2016,51431,41707
Jamaica,JAM,2017,49111,42050
Jamaica,JAM,2018,49410,43610
Jamaica,JAM,2019,49735,45264
Jordan,JOR,1999,135660,101753
Jordan,JOR,2000,125984,99931
Jordan,JOR,2002,106991,85054
Jordan,JOR,2003,101703,78623
Jordan,JOR,2004,101762,81282
Jordan,JOR,2005,118447,93706
Jordan,JOR,2006,116805,91313
Jordan,JOR,2008,145212,123075
Jordan,JOR,2011,222047,212258
Jordan,JOR,2013,299898,294849
Jordan,JOR,2017,367838,359309
Jordan,JOR,2018,366160,357632
Jordan,JOR,2019,356377,349190
Kazakhstan,KAZ,2000,150480,79359
Kazakhstan,KAZ,2006,16581,4402
Kazakhstan,KAZ,2010,19048,3254
Kazakhstan,KAZ,2011,14797,2483
Kenya,KEN,2000,1815746,1870707
Kenya,KEN,2002,1571693,1892901
Kenya,KEN,2003,1159642,1391124
Kenya,KEN,2004,1155183,1371705
Kenya,KEN,2005,1167824,1331343
Kenya,KEN,2006,1229806,1423122
Kenya,KEN,2007,1043616,1269002
Kenya,KEN,2008,924706,1108858
Kenya,KEN,2009,837895,1086070
Kuwait,KWT,1996,24022,18873
Kuwait,KWT,1999,24277,21508
Kuwait,KWT,2000,27616,24287
Kuwait,KWT,2001,29920,23124
Kuwait,KWT,2007,16760,11816
Kuwait,KWT,2010,18132,14230
Kuwait,KWT,2011,18589,16539
Kuwait,KWT,2012,21530,14667
Kuwait,KWT,2013,26073,17135
Kuwait,KWT,2014,29184,18255
Kuwait,KWT,2015,25419,14048
Kyrgyzstan,KGZ,2004,66689,55517
Kyrgyzstan,KGZ,2005,68556,61195
Kyrgyzstan,KGZ,2006,63160,56867
Kyrgyzstan,KGZ,2007,68916,60603
Kyrgyzstan,KGZ,2014,58672,57512
Kyrgyzstan,KGZ,2015,58370,46901
Kyrgyzstan,KGZ,2016,46686,43671
Kyrgyzstan,KGZ,2017,42949,40988
Kyrgyzstan,KGZ,2018,36457,36193
Kyrgyzstan,KGZ,2019,34241,34086
Laos,LAO,1992,247094,313912
Laos,LAO,1997,197632,289393
Laos,LAO,1998,192013,282801
Laos,LAO,1999,201226,287041
Laos,LAO,2000,210160,298050
Laos,LAO,2001,223845,308691
Laos,LAO,2002,221045,308588
Laos,LAO,2003,205621,294823
Laos,LAO,2004,202659,288585
Laos,LAO,2005,200490,286256
Laos,LAO,2006,205250,287424
Laos,LAO,2007,198520,276928
Laos,LAO,2008,189484,261382
Laos,LAO,2009,170476,234291
Laos,LAO,2010,155858,212482
Laos,LAO,2011,198632,253966
Laos,LAO,2012,193374,240503
Laos,LAO,2013,179416,218100
Laos,LAO,2014,158259,191170
Laos,LAO,2015,155096,181324
Laos,LAO,2016,156954,180360
Laos,LAO,2017,165216,183992
Laos,LAO,2018,182831,197925
Laos,LAO,2019,201108,211971
Latin America and Caribbean (WB),,1970,8955537,9068016
Latin America and Caribbean (WB),,1971,9154863,9240140
Latin America and Caribbean (WB),,1972,9243912,9356363
Latin America and Caribbean (WB),,1973,9042520,9190714
Latin America and Caribbean (WB),,1974,9276334,9413397
Latin America and Caribbean (WB),,1975,9305989,9418596
Latin America and Caribbean (WB),,1976,8978991,9086866
Latin America and Caribbean (WB),,1977,8769495,8876572
Latin America and Caribbean (WB),,1978,8740593,8843221
Latin America and Caribbean (WB),,1979,8461504,8584370
Latin America and Caribbean (WB),,1980,8437297,8551237
Latin America and Caribbean (WB),,1981,8244054,8310561
Latin America and Caribbean (WB),,1982,8257944,8307314
Latin America and Caribbean (WB),,1983,8263269,8291912
Latin America and Caribbean (WB),,1984,8316950,8368118
Latin America and Caribbean (WB),,1985,8296756,8340892
Latin America and Caribbean (WB),,1986,8282991,8298719
Latin America and Caribbean (WB),,1987,8434298,8434996
Latin America and Caribbean (WB),,1988,8718880,8700742
Latin America and Caribbean (WB),,1989,9116672,9090618
Latin America and Caribbean (WB),,1990,9293221,9231946
Latin America and Caribbean (WB),,1991,9312146,9218494
Latin America and Caribbean (WB),,1992,9032109,9132073
Latin America and Caribbean (WB),,1993,9006099,9243753
Latin America and Caribbean (WB),,1994,9164594,9507378
Latin America and Caribbean (WB),,1995,9080298,9475138
Latin America and Caribbean (WB),,1996,8850358,9216946
Latin America and Caribbean (WB),,1997,9122150,9330710
Latin America and Caribbean (WB),,1998,8298726,8421777
Latin America and Caribbean (WB),,1999,7719028,7755726
Latin America and Caribbean (WB),,2000,7517255,7501303
Latin America and Caribbean (WB),,2001,7225022,7271823
Latin America and Caribbean (WB),,2002,6801605,7149265
Latin America and Caribbean (WB),,2003,7025762,6944479
Latin America and Caribbean (WB),,2004,7455956,6688538
Latin America and Caribbean (WB),,2005,7162921,6321904
Latin America and Caribbean (WB),,2006,7400062,6048454
Latin America and Caribbean (WB),,2007,6876705,5931997
Latin America and Caribbean (WB),,2008,6552021,5395828
Latin America and Caribbean (WB),,2009,6606135,5421493
Latin America and Caribbean (WB),,2010,6519826,5436064
Latin America and Caribbean (WB),,2011,6434366,5551801
Latin America and Caribbean (WB),,2012,6637119,5779258
Latin America and Caribbean (WB),,2013,5974329,5226429
Latin America and Caribbean (WB),,2014,6253403,5294650
Latin America and Caribbean (WB),,2015,6092392,5379393
Latin America and Caribbean (WB),,2016,5967015,5234945
Latin America and Caribbean (WB),,2017,6119961,5437927
Latin America and Caribbean (WB),,2018,5742899,4999858
Latin America and Caribbean (WB),,2019,5582396,4850690
Latvia,LVA,2008,4395,3495
Latvia,LVA,2009,5672,4732
Latvia,LVA,2010,4586,4003
Latvia,LVA,2011,3673,3271
Latvia,LVA,2012,4183,3291
Latvia,LVA,2013,2893,2126
Latvia,LVA,2014,3189,2381
Latvia,LVA,2015,3422,2534
Latvia,LVA,2016,3090,2010
Latvia,LVA,2017,2990,1797
Latvia,LVA,2018,2656,1529
Lesotho,LSO,1973,93636,59261
Lesotho,LSO,1977,99114,59309
Lesotho,LSO,1978,101574,57473
Lesotho,LSO,1979,103606,57925
Lesotho,LSO,1980,105758,59434
Lesotho,LSO,1981,104622,60178
Lesotho,LSO,1982,100495,56944
Lesotho,LSO,1983,103295,59682
Lesotho,LSO,1984,106839,63975
Lesotho,LSO,1985,104405,61144
Lesotho,LSO,1986,107459,65826
Lesotho,LSO,1991,118768,76059
Lesotho,LSO,1992,120493,80410
Lesotho,LSO,1993,128682,90545
Lesotho,LSO,1994,126284,89294
Lesotho,LSO,1996,126720,93449
Lesotho,LSO,1998,139988,110983
Lesotho,LSO,1999,139296,113213
Lesotho,LSO,2000,104948,86875
Lesotho,LSO,2001,94099,79514
Lesotho,LSO,2002,85263,71120
Lesotho,LSO,2003,73887,58387
Lesotho,LSO,2004,66606,52508
Lesotho,LSO,2005,59537,44982
Lesotho,LSO,2006,53629,39291
Lesotho,LSO,2007,57537,44983
Lesotho,LSO,2008,53013,40138
Lesotho,LSO,2009,51449,35784
Lesotho,LSO,2010,43076,29690
Lesotho,LSO,2011,40698,28438
Lesotho,LSO,2012,40833,28463
Lesotho,LSO,2013,41073,27533
Lesotho,LSO,2014,43131,29609
Lesotho,LSO,2015,42020,29671
Lesotho,LSO,2016,40321,28565
Lesotho,LSO,1972,,62175
Liberia,LBR,2014,75390,106675
Liechtenstein,LIE,2003,81,217
Liechtenstein,LIE,2004,83,156
Liechtenstein,LIE,2008,55,179
Liechtenstein,LIE,2009,49,204
Liechtenstein,LIE,2010,26,211
Liechtenstein,LIE,2011,38,225
Liechtenstein,LIE,2012,52,182
Liechtenstein,LIE,2014,32,227
Liechtenstein,LIE,2015,14,228
Liechtenstein,LIE,2016,14,234
Liechtenstein,LIE,2017,165,337
Liechtenstein,LIE,2018,74,182
Lithuania,LTU,1998,18859,14869
Lithuania,LTU,1999,13002,9068
Lithuania,LTU,2000,10904,7319
Lithuania,LTU,2001,6751,3643
Lithuania,LTU,2002,5829,4694
Lithuania,LTU,2003,4014,3853
Lithuania,LTU,2004,4198,2338
Lithuania,LTU,2005,2826,1448
Lithuania,LTU,2006,2511,83
Lithuania,LTU,2009,4153,548
Lithuania,LTU,2010,2819,864
Lithuania,LTU,2011,1895,593
Lithuania,LTU,2012,2088,1308
Lithuania,LTU,2013,1792,1159
Lithuania,LTU,2014,1847,1054
Lithuania,LTU,2015,1706,953
Lithuania,LTU,2016,1714,1004
Lithuania,LTU,2017,1543,738
Lithuania,LTU,2018,1619,620
Luxembourg,LUX,1999,2995,1927
Luxembourg,LUX,2000,3202,1991
Luxembourg,LUX,2001,3676,2530
Luxembourg,LUX,2002,3722,2785
Luxembourg,LUX,2003,4098,3114
Luxembourg,LUX,2004,4134,3149
Luxembourg,LUX,2005,3326,2267
Luxembourg,LUX,2006,3048,2125
Luxembourg,LUX,2007,2898,2240
Luxembourg,LUX,2008,2952,2236
Luxembourg,LUX,2010,3258,2347
Luxembourg,LUX,2011,3671,2498
Luxembourg,LUX,2012,3522,2587
Luxembourg,LUX,2013,3737,2815
Luxembourg,LUX,2014,3784,2839
Luxembourg,LUX,2015,3656,2679
Luxembourg,LUX,2016,3309,2558
Luxembourg,LUX,2017,3561,2911
Luxembourg,LUX,2018,3446,3091
Macao,MAC,1990,5224,5533
Macao,MAC,1992,4987,5276
Macao,MAC,1999,5764,5739
Macao,MAC,2000,5305,4998
Macao,MAC,2001,5951,5083
Macao,MAC,2002,6182,6382
Macao,MAC,2003,6564,7705
Macao,MAC,2004,6630,8533
Macao,MAC,2005,6944,8892
Macao,MAC,2006,7284,8631
Macao,MAC,2007,7200,8498
Macao,MAC,2008,7376,8042
Macao,MAC,2009,7311,7270
Macao,MAC,2010,6028,5698
Macao,MAC,2011,5688,5569
Macao,MAC,2012,5517,5112
Macao,MAC,2013,5224,4626
Macao,MAC,2014,4508,3974
Macao,MAC,2015,3699,3131
Macao,MAC,2016,2595,1951
Macao,MAC,2017,2011,1526
Macao,MAC,2018,1848,1288
Macao,MAC,2019,1366,976
Madagascar,MDG,2001,1075507,1116074
Madagascar,MDG,2003,948696,1006653
Madagascar,MDG,2018,943967,877204
Madagascar,MDG,2019,1039626,937437
Malawi,MWI,1999,165103,301594
Malawi,MWI,2002,251801,383839
Malawi,MWI,2004,366852,412420
Malawi,MWI,2005,413604,453164
Malawi,MWI,2006,416219,431991
Malawi,MWI,2007,407405,422341
Malawi,MWI,2008,349268,373211
Malawi,MWI,2009,373463,385773
Malawi,MWI,2013,393095,395727
Malawi,MWI,2014,388171,375640
Malawi,MWI,2015,409851,389740
Malawi,MWI,2016,441937,420033
Malawi,MWI,2018,446023,412079
Malawi,MWI,2019,491046,480930
Malaysia,MYS,1998,429907,340229
Malaysia,MYS,1999,420052,350780
Malaysia,MYS,2000,424118,319950
Malaysia,MYS,2001,378820,312428
Malaysia,MYS,2002,434174,325486
Malaysia,MYS,2003,351012,196340
Malaysia,MYS,2004,291374,145565
Malaysia,MYS,2005,332654,226738
Malaysia,MYS,2006,457581,285949
Malaysia,MYS,2007,513231,377614
Malaysia,MYS,2008,511763,398661
Malaysia,MYS,2009,526635,369126
Malaysia,MYS,2010,506602,389700
Malaysia,MYS,2011,518678,374985
Malaysia,MYS,2012,445123,319114
Malaysia,MYS,2013,456028,337719
Malaysia,MYS,2014,475187,360734
Malaysia,MYS,2016,492550,350463
Malaysia,MYS,2017,477540,344140
Maldives,MDV,1999,5305,4900
Maldives,MDV,2000,4968,4015
Maldives,MDV,2002,4781,3738
Mali,MLI,2009,847292,1096409
Mali,MLI,2010,862482,1102411
Mali,MLI,2011,869640,1107855
Mali,MLI,2014,1036091,1241906
Mali,MLI,2015,1145777,1306939
Mali,MLI,2016,1129778,1350183
Mali,MLI,2017,1190790,1368369
Mali,MLI,2018,1402072,1552808
Malta,MLT,1990,3438,3700
Malta,MLT,1991,3241,3618
Malta,MLT,2001,2648,2544
Malta,MLT,2012,1670,1258
Malta,MLT,2013,1850,1376
Malta,MLT,2014,1909,1134
Malta,MLT,2015,1773,811
Malta,MLT,2016,1767,953
Malta,MLT,2017,1476,976
Malta,MLT,2018,1142,737
Marshall Islands,MHL,2002,1174,1215
Marshall Islands,MHL,2015,2739,2458
Marshall Islands,MHL,2016,2780,2452
Marshall Islands,MHL,2019,2861,2624
Mauritania,MRT,2001,199672,205949
Mauritania,MRT,2002,206098,208308
Mauritania,MRT,2004,196193,192735
Mauritania,MRT,2005,200821,192261
Mauritania,MRT,2006,202017,193959
Mauritania,MRT,2012,224576,213307
Mauritania,MRT,2013,231357,220364
Mauritania,MRT,2014,231423,214836
Mauritania,MRT,2016,262746,233856
Mauritania,MRT,2017,248284,219817
Mauritania,MRT,2018,233930,205657
Mauritania,MRT,2019,232506,197743
Mauritius,MUS,1998,21151,19490
Mauritius,MUS,1999,18435,17833
Mauritius,MUS,2000,15562,16466
Mauritius,MUS,2001,14461,15189
Mauritius,MUS,2002,14566,13593
Mauritius,MUS,2004,11314,10784
Mauritius,MUS,2015,9677,5354
Mauritius,MUS,2016,10788,6151
Mauritius,MUS,2017,11219,6004
Mauritius,MUS,2018,11865,6949
Mauritius,MUS,2019,12166,7254
Mexico,MEX,1999,2091074,2363352
Mexico,MEX,2000,2108648,2316581
Mexico,MEX,2002,1928019,2033106
Mexico,MEX,2003,1756429,1851883
Mexico,MEX,2004,1660303,1752004
Mexico,MEX,2005,1581674,1659511
Mexico,MEX,2006,1566693,1599809
Mexico,MEX,2007,1564510,1528983
Mexico,MEX,2008,1616510,1519971
Mexico,MEX,2009,1682155,1538997
Mexico,MEX,2010,1718924,1566646
Mexico,MEX,2011,1740469,1591621
Mexico,MEX,2012,1644200,1512035
Mexico,MEX,2013,1392812,1260730
Mexico,MEX,2014,1281711,1149143
Mexico,MEX,2015,1179693,1028143
Mexico,MEX,2016,1168916,971497
Mexico,MEX,2017,1252199,993021
Mexico,MEX,2018,1342594,1032286
Middle East and North Africa (WB),,1970,6893595,11030220
Middle East and North Africa (WB),,1971,7194170,11517574
Middle East and North Africa (WB),,1972,7014529,11186140
Middle East and North Africa (WB),,1973,7037684,11260485
Middle East and North Africa (WB),,1974,7087334,11363359
Middle East and North Africa (WB),,1975,7066412,11150251
Middle East and North Africa (WB),,1976,6914624,11018623
Middle East and North Africa (WB),,1977,6868757,10947588
Middle East and North Africa (WB),,1978,7124135,11290478
Middle East and North Africa (WB),,1979,7384690,11831787
Middle East and North Africa (WB),,1980,7302431,11516955
Middle East and North Africa (WB),,1981,7511656,11801580
Middle East and North Africa (WB),,1982,7655417,11947243
Middle East and North Africa (WB),,1983,7802556,12124645
Middle East and North Africa (WB),,1984,7926554,12338594
Middle East and North Africa (WB),,1985,7927119,12129178
Middle East and North Africa (WB),,1986,8028060,12216669
Middle East and North Africa (WB),,1987,8006888,12079792
Middle East and North Africa (WB),,1988,8183634,12142996
Middle East and North Africa (WB),,1989,8366021,12310353
Middle East and North Africa (WB),,1990,8154236,12063095
Middle East and North Africa (WB),,1991,8274999,12101917
Middle East and North Africa (WB),,1992,8870892,13108036
Middle East and North Africa (WB),,1993,8963453,13107260
Middle East and North Africa (WB),,1994,8945396,12859056
Middle East and North Africa (WB),,1995,9236156,13385860
Middle East and North Africa (WB),,1996,9182391,12897144
Middle East and North Africa (WB),,1997,9202923,12904533
Middle East and North Africa (WB),,1998,9321374,12847668
Middle East and North Africa (WB),,1999,9145390,12500366
Middle East and North Africa (WB),,2000,8891800,12100413
Middle East and North Africa (WB),,2001,8276406,11452623
Middle East and North Africa (WB),,2002,7895131,10753681
Middle East and North Africa (WB),,2003,7756158,10388232
Middle East and North Africa (WB),,2004,7294168,9933941
Middle East and North Africa (WB),,2005,7272099,9793561
Middle East and North Africa (WB),,2006,7291930,9624047
Middle East and North Africa (WB),,2007,7139488,9330875
Middle East and North Africa (WB),,2008,6798242,8842940
Middle East and North Africa (WB),,2009,6341263,8205083
Middle East and North Africa (WB),,2010,6202055,7810866
Middle East and North Africa (WB),,2011,5943116,7295465
Middle East and North Africa (WB),,2012,5502475,6778973
Middle East and North Africa (WB),,2013,5994954,7383250
Middle East and North Africa (WB),,2014,5900522,7296108
Middle East and North Africa (WB),,2015,5726098,7082201
Middle East and North Africa (WB),,2016,5542145,6897465
Middle East and North Africa (WB),,2017,5480968,6817796
Middle East and North Africa (WB),,2018,5355194,6691440
Middle East and North Africa (WB),,2019,5333006,6609737
Moldova,MDA,2000,62937,56873
Moldova,MDA,2001,53784,47547
Moldova,MDA,2002,53101,43024
Moldova,MDA,2003,46459,36217
Moldova,MDA,2004,45139,33336
Moldova,MDA,2005,41941,34979
Moldova,MDA,2006,42629,34470
Moldova,MDA,2007,45434,39737
Moldova,MDA,2008,38275,31925
Moldova,MDA,2009,43206,39673
Moldova,MDA,2010,42251,38544
Moldova,MDA,2011,41345,38430
Moldova,MDA,2012,38635,36243
Moldova,MDA,2013,38210,35598
Moldova,MDA,2014,37443,35374
Moldova,MDA,2015,37317,35623
Moldova,MDA,2016,36368,35063
Moldova,MDA,2017,34995,33518
Moldova,MDA,2018,34890,33539
Moldova,MDA,2019,35165,35710
Mongolia,MNG,1998,91033,59793
Mongolia,MNG,1999,86790,57062
Mongolia,MNG,2000,78783,50278
Mongolia,MNG,2001,69078,40103
Mongolia,MNG,2002,64396,38059
Mongolia,MNG,2003,53331,30401
Mongolia,MNG,2004,41632,23982
Mongolia,MNG,2005,40488,21140
Mongolia,MNG,2006,35504,17563
Montenegro,MNE,2016,4134,3633
Montenegro,MNE,2017,3854,3233
Montenegro,MNE,2018,3286,3548
Montenegro,MNE,2019,3304,2614
Morocco,MAR,2005,898338,1170417
Morocco,MAR,2006,864004,1126480
Morocco,MAR,2007,805446,1056367
Morocco,MAR,2008,779825,1018913
Morocco,MAR,2010,687828,879413
Morocco,MAR,2011,605246,792217
Morocco,MAR,2012,534361,721219
Morocco,MAR,2017,355351,447824
Morocco,MAR,2018,319588,393520
Morocco,MAR,2019,319949,362544
Mozambique,MOZ,1994,1349710,1672601
Mozambique,MOZ,1995,1327561,1672740
Mozambique,MOZ,1999,1238076,1622878
Mozambique,MOZ,2000,1177940,1569257
Mozambique,MOZ,2001,1105987,1504493
Mozambique,MOZ,2002,1101293,1480564
Mozambique,MOZ,2004,1025972,1380320
Mozambique,MOZ,2005,907638,1271825
Mozambique,MOZ,2006,864032,1216234
Mozambique,MOZ,2007,743455,1113147
Mozambique,MOZ,2008,677615,1040755
Mozambique,MOZ,2009,687433,1023566
Mozambique,MOZ,2010,679225,1017209
Mozambique,MOZ,2011,802454,1115694
Mozambique,MOZ,2012,862753,1169425
Mozambique,MOZ,2013,847364,1156155
Mozambique,MOZ,2014,900367,1193578
Mozambique,MOZ,2015,927356,1220965
Myanmar,MMR,2000,2089193,2131447
Myanmar,MMR,2001,1956266,2097802
Myanmar,MMR,2002,1946924,2071040
Myanmar,MMR,2003,1868041,1983799
Myanmar,MMR,2004,1726845,1832930
Myanmar,MMR,2005,1746586,1792687
Myanmar,MMR,2006,1678412,1742895
Myanmar,MMR,2007,1840560,1552969
Myanmar,MMR,2009,1653699,1690853
Myanmar,MMR,2010,1690767,1663882
Myanmar,MMR,2017,1026693,1018778
Myanmar,MMR,2018,936176,887937
Namibia,NAM,1998,49875,40862
Namibia,NAM,1999,51422,41887
Namibia,NAM,2000,48751,40188
Namibia,NAM,2001,46002,37433
Namibia,NAM,2002,38722,31351
Namibia,NAM,2003,43296,35192
Namibia,NAM,2004,45689,37564
Namibia,NAM,2005,43874,36502
Namibia,NAM,2006,47554,40140
Namibia,NAM,2007,40961,32276
Nauru,NRU,2012,216,219
Nauru,NRU,2014,144,175
Nauru,NRU,2016,167,186
Nepal,NPL,2016,551620,381940
Nepal,NPL,2017,472339,363062
Nepal,NPL,2019,366043,274286
Netherlands,NLD,1995,11747,17467
Netherlands,NLD,1996,5740,12725
Netherlands,NLD,1997,11417,18367
Netherlands,NLD,2017,16036,6724
Netherlands,NLD,2018,15789,5804
New Zealand,NZL,1990,23260,24485
New Zealand,NZL,2013,14856,9034
New Zealand,NZL,2014,15313,9993
New Zealand,NZL,2015,13620,8385
New Zealand,NZL,2016,10536,5160
New Zealand,NZL,2017,7116,2546
New Zealand,NZL,2018,6311,2080
Nicaragua,NIC,2000,212007,165679
Nicaragua,NIC,2001,216213,178909
Nicaragua,NIC,2002,173673,141850
Nicaragua,NIC,2004,144019,121141
Nicaragua,NIC,2005,137406,113396
Nicaragua,NIC,2006,92934,69620
Nicaragua,NIC,2010,95634,69639
Niger,NER,1999,1285907,1414477
Niger,NER,2001,1329295,1476306
Niger,NER,2002,1327541,1496843
Niger,NER,2003,1332336,1515274
Niger,NER,2004,1329956,1532933
Niger,NER,2005,1363865,1563740
Niger,NER,2007,1439781,1639826
Niger,NER,2008,1480333,1664476
Niger,NER,2009,1510882,1694827
Niger,NER,2010,1521485,1699022
Niger,NER,2011,1519056,1712365
Niger,NER,2014,1647568,1845305
Niger,NER,2015,1662666,1883361
Niger,NER,2017,1690609,1924405
North America (WB),,1970,4351455,3586588
North America (WB),,1971,4361615,3606990
North America (WB),,1972,4393638,3628057
North America (WB),,1973,4100249,3444649
North America (WB),,1974,4198315,3523690
North America (WB),,1975,4157690,3496325
North America (WB),,1976,3952968,3352457
North America (WB),,1977,3841015,3271358
North America (WB),,1978,3740531,3207445
North America (WB),,1979,4106186,3610941
North America (WB),,1980,2407414,2153864
North America (WB),,1981,2451385,2205704
North America (WB),,1982,1921570,1732427
North America (WB),,1983,2003039,1774348
North America (WB),,1984,1965374,1695512
North America (WB),,1985,1931008,1682770
North America (WB),,1986,1651691,1461682
North America (WB),,1987,1820692,1522554
North America (WB),,1988,1328205,1209758
North America (WB),,1989,1222142,1172819
North America (WB),,1990,1133479,1124747
North America (WB),,1991,1055327,1118328
North America (WB),,1992,1040832,1089698
North America (WB),,1993,1039631,1090909
North America (WB),,1994,1075724,1097005
North America (WB),,1995,1091676,1137766
North America (WB),,1996,1238831,1247655
North America (WB),,1997,1262289,1238265
North America (WB),,1998,1301153,1235268
North America (WB),,1999,1505706,1383719
North America (WB),,2000,1421038,1366956
North America (WB),,2001,1321143,977006
North America (WB),,2002,1580603,1436002
North America (WB),,2003,1225222,1086672
North America (WB),,2004,1173255,1132047
North America (WB),,2005,1039990,790032
North America (WB),,2006,1168313,741052
North America (WB),,2007,955787,845867
North America (WB),,2008,966207,953946
North America (WB),,2009,1094803,763990
North America (WB),,2010,1163056,1122005
North America (WB),,2011,1317045,998367
North America (WB),,2012,1041903,968221
North America (WB),,2013,1017558,969553
North America (WB),,2014,1061556,787991
North America (WB),,2015,858146,657997
North America (WB),,2016,426547,407298
North America (WB),,2017,432074,397090
North America (WB),,2018,383375,330666
North America (WB),,2019,397103,409038
North Macedonia,MKD,2005,27605,30178
Norway,NOR,1998,7089,5144
Norway,NOR,1999,8044,6895
Norway,NOR,2000,9851,7457
Norway,NOR,2001,10346,8043
Norway,NOR,2002,11199,8426
Norway,NOR,2003,10515,8416
Norway,NOR,2004,11913,9249
Norway,NOR,2005,12998,10123
Norway,NOR,2006,11734,8144
Norway,NOR,2007,7544,5677
Norway,NOR,2008,8229,6622
Norway,NOR,2009,10578,8614
Norway,NOR,2010,11570,9817
Norway,NOR,2011,11866,9963
Norway,NOR,2012,13301,9121
Norway,NOR,2013,10300,9156
Norway,NOR,2014,9715,8445
Norway,NOR,2015,9734,8113
Norway,NOR,2016,9115,7499
Norway,NOR,2017,8442,8144
Norway,NOR,2018,8169,7674
Oman,OMN,1982,92916,123991
Oman,OMN,1999,73449,69083
Oman,OMN,2000,63308,63203
Oman,OMN,2001,57589,56164
Oman,OMN,2002,54063,57644
Oman,OMN,2003,56790,60593
Oman,OMN,2009,15784,27045
Oman,OMN,2011,10337,12012
Oman,OMN,2012,11567,8244
Oman,OMN,2013,13340,7871
Oman,OMN,2015,8879,7203
Oman,OMN,2016,1599,5323
Oman,OMN,2017,6959,9419
Oman,OMN,2018,12152,15880
Palestine,PSE,1999,92950,81962
Palestine,PSE,2000,94947,80367
Palestine,PSE,2001,102628,80241
Palestine,PSE,2002,97735,79200
Palestine,PSE,2003,94387,75782
Palestine,PSE,2004,87128,69844
Palestine,PSE,2005,84434,68287
Palestine,PSE,2006,90158,67730
Palestine,PSE,2007,94966,71174
Palestine,PSE,2008,91957,67596
Palestine,PSE,2009,95263,71041
Palestine,PSE,2010,100040,75760
Palestine,PSE,2011,109309,75976
Palestine,PSE,2012,99282,69705
Palestine,PSE,2013,100444,65838
Palestine,PSE,2014,95634,62532
Palestine,PSE,2015,90539,55980
Palestine,PSE,2016,86126,49998
Palestine,PSE,2017,73553,38030
Palestine,PSE,2018,75106,38845
Palestine,PSE,2019,72302,37704
Panama,PAN,1999,70885,64357
Panama,PAN,2000,67804,61238
Panama,PAN,2001,61604,55395
Panama,PAN,2002,54532,49390
Panama,PAN,2004,55341,49770
Panama,PAN,2005,57795,53070
Panama,PAN,2008,55908,51065
Panama,PAN,2009,59255,53448
Panama,PAN,2010,56653,53225
Panama,PAN,2011,60884,54244
Panama,PAN,2013,58926,52572
Panama,PAN,2014,69194,60707
Panama,PAN,2015,70300,63257
Panama,PAN,2017,92172,84306
Papua New Guinea,PNG,2016,190992,267857
Paraguay,PRY,1999,123040,119642
Paraguay,PRY,2001,106189,104588
Paraguay,PRY,2002,113970,112471
Paraguay,PRY,2003,122273,116832
Paraguay,PRY,2004,120510,112611
Paraguay,PRY,2005,123131,113611
Paraguay,PRY,2006,133377,121881
Paraguay,PRY,2007,141118,129828
Paraguay,PRY,2008,146816,133354
Paraguay,PRY,2009,153666,138363
Paraguay,PRY,2010,151803,138120
Paraguay,PRY,2011,151116,134638
Paraguay,PRY,2012,124538,132093
Peru,PER,1970,500310,675974
Peru,PER,1981,405697,522691
Peru,PER,1995,500601,532811
Peru,PER,1998,294517,300018
Peru,PER,1999,264314,262689
Peru,PER,2000,240821,246413
Peru,PER,2001,205409,206000
Peru,PER,2002,219335,226042
Peru,PER,2004,259275,238283
Peru,PER,2005,257134,242541
Peru,PER,2006,246081,206076
Peru,PER,2007,206954,141007
Peru,PER,2008,203705,121647
Peru,PER,2009,192287,117485
Peru,PER,2010,172832,100123
Peru,PER,2011,156601,110965
Peru,PER,2016,125540,153584
Peru,PER,2017,94712,166857
Peru,PER,2018,77283,183357
Philippines,PHL,1998,1399345,1240600
Philippines,PHL,1999,1528559,1316361
Philippines,PHL,2001,1406306,1007875
Philippines,PHL,2002,1318859,914001
Philippines,PHL,2003,1279334,918582
Philippines,PHL,2004,1292366,916473
Philippines,PHL,2005,1332399,897055
Philippines,PHL,2006,1455974,1010531
Philippines,PHL,2007,1421842,989396
Philippines,PHL,2008,1315282,887010
Philippines,PHL,2009,1132703,750352
Philippines,PHL,2014,749915,389008
Philippines,PHL,2015,749298,457457
Poland,POL,1999,249907,183522
Poland,POL,2000,273232,212335
Poland,POL,2001,228060,170790
Poland,POL,2002,219153,167430
Poland,POL,2003,217280,173728
Poland,POL,2004,259227,200549
Poland,POL,2005,209237,184335
Poland,POL,2006,206063,180187
Poland,POL,2007,207437,180539
Poland,POL,2008,210570,181211
Poland,POL,2009,211197,179328
Poland,POL,2010,207951,180190
Poland,POL,2011,207365,177910
Poland,POL,2012,185696,163468
Poland,POL,2013,146711,134583
Poland,POL,2014,133400,126029
Poland,POL,2017,77994,74256
Poland,POL,2018,55694,56238
Portugal,PRT,1973,222165,245757
Portugal,PRT,1974,219755,238604
Portugal,PRT,1976,187980,202798
Portugal,PRT,1978,174196,193245
Portugal,PRT,1993,101916,67516
Portugal,PRT,1994,60052,53112
Portugal,PRT,1995,66307,57862
Portugal,PRT,1999,54495,45034
Portugal,PRT,2000,41151,35378
Portugal,PRT,2001,45292,37158
Portugal,PRT,2002,47699,41084
Portugal,PRT,2003,48386,37204
Portugal,PRT,2005,41487,27964
Portugal,PRT,2006,37731,27782
Portugal,PRT,2013,3739,9619
Portugal,PRT,2014,708,9726
Portugal,PRT,2015,2972,12010
Portugal,PRT,2016,4772,12980
Portugal,PRT,2017,707,8177
Portugal,PRT,2018,355,4971
Puerto Rico,PRI,2011,62652,48452
Puerto Rico,PRI,2012,60742,40723
Puerto Rico,PRI,2013,53950,37502
Puerto Rico,PRI,2014,51372,33512
Puerto Rico,PRI,2015,55142,37373
Puerto Rico,PRI,2016,68047,51654
Puerto Rico,PRI,2018,58885,43799
Qatar,QAT,1980,3535,2531
Qatar,QAT,1983,3078,3373
Qatar,QAT,1984,3042,3970
Qatar,QAT,1985,2850,4077
Qatar,QAT,1991,9827,7844
Qatar,QAT,1998,5769,5662
Qatar,QAT,1999,6861,4104
Qatar,QAT,2002,5955,5457
Qatar,QAT,2005,1317,4401
Qatar,QAT,2006,7133,4246
Qatar,QAT,2010,3022,3157
Romania,ROU,2015,155126,143311
Romania,ROU,2016,176970,162669
Romania,ROU,2017,188230,170718
Romania,ROU,2018,194071,176790
Russia,RUS,2013,330827,232993
Russia,RUS,2014,330843,250764
Russia,RUS,2017,68539,57544
Russia,RUS,2018,61132,48517
Rwanda,RWA,2017,247025,216092
Rwanda,RWA,2018,257234,234518
Rwanda,RWA,2019,283222,264054
Saint Kitts and Nevis,KNA,2002,649,159
Saint Kitts and Nevis,KNA,2003,527,69
Saint Kitts and Nevis,KNA,2004,563,109
Saint Kitts and Nevis,KNA,2005,376,190
Saint Kitts and Nevis,KNA,2007,186,286
Saint Kitts and Nevis,KNA,2008,158,219
Saint Kitts and Nevis,KNA,2010,100,295
Saint Kitts and Nevis,KNA,2012,361,374
Saint Kitts and Nevis,KNA,2013,76,89
Saint Lucia,LCA,1999,2638,7608
Saint Lucia,LCA,2000,3008,3047
Saint Lucia,LCA,2001,3200,3297
Saint Lucia,LCA,2002,3338,2649
Saint Lucia,LCA,2003,3070,2482
Saint Lucia,LCA,2004,2905,3736
Saint Lucia,LCA,2005,3206,2641
Saint Lucia,LCA,2006,2194,1885
Saint Lucia,LCA,2007,2220,1819
Saint Lucia,LCA,2015,1453,1797
Saint Lucia,LCA,2016,1399,1427
Saint Lucia,LCA,2017,1227,1038
Saint Lucia,LCA,2018,1191,1035
Saint Lucia,LCA,2019,1139,944
Saint Vincent and the Grenadines,VCT,2000,827,532
Saint Vincent and the Grenadines,VCT,2001,1884,1680
Saint Vincent and the Grenadines,VCT,2002,1124,812
Saint Vincent and the Grenadines,VCT,2003,947,897
Saint Vincent and the Grenadines,VCT,2004,943,839
Saint Vincent and the Grenadines,VCT,2005,1119,930
Saint Vincent and the Grenadines,VCT,2007,616,520
Saint Vincent and the Grenadines,VCT,2008,506,387
Saint Vincent and the Grenadines,VCT,2009,441,302
Saint Vincent and the Grenadines,VCT,2010,542,465
Saint Vincent and the Grenadines,VCT,2013,435,519
Saint Vincent and the Grenadines,VCT,2015,999,360
Saint Vincent and the Grenadines,VCT,2016,606,353
Saint Vincent and the Grenadines,VCT,2017,295,290
Samoa,WSM,1998,5399,2901
Samoa,WSM,1999,5033,3418
Samoa,WSM,2000,5438,3220
Samoa,WSM,2001,5083,2865
Samoa,WSM,2009,2758,1261
Samoa,WSM,2010,2540,1023
Samoa,WSM,2011,2850,887
Samoa,WSM,2012,2557,973
Samoa,WSM,2014,1660,99
Samoa,WSM,2015,1685,452
Samoa,WSM,2016,1871,449
San Marino,SMR,2000,763,640
San Marino,SMR,2019,500,411
Sao Tome and Principe,STP,2003,5107,5093
Sao Tome and Principe,STP,2004,4748,5133
Sao Tome and Principe,STP,2005,4097,4416
Sao Tome and Principe,STP,2007,3975,3720
Sao Tome and Principe,STP,2008,3698,3691
Sao Tome and Principe,STP,2009,3972,3355
Sao Tome and Principe,STP,2010,4091,3880
Sao Tome and Principe,STP,2013,4929,4310
Sao Tome and Principe,STP,2014,4004,4150
Sao Tome and Principe,STP,2015,3861,3484
Saudi Arabia,SAU,2009,326720,349494
Saudi Arabia,SAU,2013,62980,166597
Saudi Arabia,SAU,2016,45829,109884
Senegal,SEN,2004,917183,983947
Senegal,SEN,2005,881370,944102
Senegal,SEN,2006,889034,935590
Serbia,SRB,2008,39107,29977
Serbia,SRB,2009,38730,30581
Serbia,SRB,2010,40222,33538
Serbia,SRB,2011,27287,18939
Serbia,SRB,2012,28566,18407
Serbia,SRB,2013,27531,17728
Serbia,SRB,2014,26000,18098
Serbia,SRB,2015,19298,13743
Serbia,SRB,2016,21047,15502
Serbia,SRB,2017,21260,16878
Serbia,SRB,2018,23343,18432
Serbia,SRB,2019,25065,20408
Seychelles,SYC,1998,454,347
Seychelles,SYC,1999,2439,1952
Seychelles,SYC,2000,2492,1936
Seychelles,SYC,2001,2024,1521
Seychelles,SYC,2002,1603,1277
Seychelles,SYC,2003,1476,1147
Seychelles,SYC,2004,1488,1092
Seychelles,SYC,2005,1201,924
Seychelles,SYC,2013,769,921
Seychelles,SYC,2014,562,307
Seychelles,SYC,2015,619,366
Seychelles,SYC,2016,580,265
Seychelles,SYC,2017,889,213
Seychelles,SYC,2018,766,204
Seychelles,SYC,2019,868,301
Sierra Leone,SLE,2013,290435,312681
Sierra Leone,SLE,2015,307795,316497
Sierra Leone,SLE,2017,309385,299332
Sierra Leone,SLE,2018,365971,353779
Singapore,SGP,2016,139,53
Singapore,SGP,2017,145,50
Singapore,SGP,2018,447,509
Sint Maarten (Dutch part),SXM,2012,147,128
Sint Maarten (Dutch part),SXM,2014,276,231
Slovakia,SVK,2002,40387,36778
Slovakia,SVK,2003,36044,34206
Slovakia,SVK,2004,33663,30734
Slovakia,SVK,2005,33780,30561
Slovakia,SVK,2006,32724,29502
Slovakia,SVK,2007,29576,26880
Slovakia,SVK,2008,29870,27187
Slovakia,SVK,2009,30495,27203
Slovakia,SVK,2010,30281,27076
Slovakia,SVK,2011,29800,27325
Slovakia,SVK,2012,27730,26106
Slovakia,SVK,2013,27759,26591
Slovakia,SVK,2014,27496,26411
Slovakia,SVK,2015,25785,25099
Slovakia,SVK,2016,24935,24287
Slovakia,SVK,2017,24318,23125
Slovakia,SVK,2018,23734,22322
Slovenia,SVN,1998,13819,9938
Slovenia,SVN,1999,13020,8944
Slovenia,SVN,2000,12408,7191
Slovenia,SVN,2001,10108,7203
Slovenia,SVN,2002,8252,6601
Slovenia,SVN,2003,7347,6042
Slovenia,SVN,2004,7217,5959
Slovenia,SVN,2005,6079,5394
Slovenia,SVN,2006,5377,4164
Slovenia,SVN,2007,5412,4324
Slovenia,SVN,2008,5338,3992
Slovenia,SVN,2009,4696,3273
Slovenia,SVN,2010,3907,2667
Slovenia,SVN,2011,3544,2255
Slovenia,SVN,2012,3832,2102
Slovenia,SVN,2013,3066,1546
Slovenia,SVN,2014,3407,1969
Slovenia,SVN,2015,2396,890
Slovenia,SVN,2016,2823,1366
Slovenia,SVN,2017,2269,1210
Slovenia,SVN,2018,1686,843
Solomon Islands,SLB,2006,21232,24034
Solomon Islands,SLB,2007,23174,25017
Somalia,SOM,1977,404107,461832
Somalia,SOM,1978,481119,527608
Somalia,SOM,1979,540512,590390
Somalia,SOM,1980,602615,655523
South Africa,ZAF,1994,843378,690159
South Africa,ZAF,1999,985257,814337
South Africa,ZAF,2000,1020914,929497
South Africa,ZAF,2001,1053837,915857
South Africa,ZAF,2002,936225,799134
South Africa,ZAF,2003,856833,726513
South Africa,ZAF,2004,805959,683974
South Africa,ZAF,2005,771938,655751
South Africa,ZAF,2015,464553,270650
South Africa,ZAF,2017,907717,515470
South Africa,ZAF,2018,926772,797795
South Asia (WB),,1970,45802770,61041064
South Asia (WB),,1971,46655200,62977670
South Asia (WB),,1972,46753210,63406084
South Asia (WB),,1973,46361310,62570290
South Asia (WB),,1974,47305116,64076784
South Asia (WB),,1975,47898160,64523570
South Asia (WB),,1976,48787090,65705064
South Asia (WB),,1977,49016132,66053070
South Asia (WB),,1978,50740508,69284140
South Asia (WB),,1979,51640110,70558160
South Asia (WB),,1980,52108604,70968620
South Asia (WB),,1981,52403984,71045120
South Asia (WB),,1982,52851612,72041780
South Asia (WB),,1983,52659010,71902730
South Asia (WB),,1984,53175796,71811656
South Asia (WB),,1985,53907996,73009570
South Asia (WB),,1986,54133600,72932830
South Asia (WB),,1987,55721470,75639560
South Asia (WB),,1988,55822096,75340110
South Asia (WB),,1989,56088404,74850504
South Asia (WB),,1990,56665400,75937140
South Asia (WB),,1991,57299670,76526480
South Asia (WB),,1992,57798840,76742480
South Asia (WB),,1993,58040068,76070480
South Asia (WB),,1994,58747000,76181980
South Asia (WB),,1995,60252104,77711896
South Asia (WB),,1996,61148910,78333350
South Asia (WB),,1997,62582652,79790136
South Asia (WB),,1998,66883320,84924320
South Asia (WB),,1999,68621440,86372120
South Asia (WB),,2000,68052200,84649590
South Asia (WB),,2001,70072680,84603070
South Asia (WB),,2002,70461620,82522630
South Asia (WB),,2003,68957550,73713560
South Asia (WB),,2004,66172668,70680890
South Asia (WB),,2005,63711990,68057780
South Asia (WB),,2006,62279748,65877380
South Asia (WB),,2007,59066228,62455376
South Asia (WB),,2008,59217800,59580252
South Asia (WB),,2009,61183164,59333230
South Asia (WB),,2010,59019548,56180290
South Asia (WB),,2011,59075400,54413160
South Asia (WB),,2012,56229250,51708284
South Asia (WB),,2013,54365244,48859670
South Asia (WB),,2014,53909212,48302656
South Asia (WB),,2015,51419210,46778456
South Asia (WB),,2016,49889060,45926376
South Asia (WB),,2017,48824490,45021456
South Asia (WB),,2018,48169948,44618584
South Asia (WB),,2019,48384576,45069932
South Korea,KOR,1996,149338,80404
South Korea,KOR,1997,159387,107027
South Korea,KOR,1998,178262,115869
South Korea,KOR,1999,163982,111178
South Korea,KOR,2000,174136,122062
South Korea,KOR,2001,214249,153043
South Korea,KOR,2002,193258,134402
South Korea,KOR,2003,139499,89052
South Korea,KOR,2004,111059,64016
South Korea,KOR,2005,87212,49193
South Korea,KOR,2006,102561,79692
South Korea,KOR,2007,101263,90449
South Korea,KOR,2008,109230,96921
South Korea,KOR,2009,89062,84898
South Korea,KOR,2010,91910,85722
South Korea,KOR,2011,62739,58571
South Korea,KOR,2012,74780,68888
South Korea,KOR,2013,108841,103225
South Korea,KOR,2014,100961,95937
South Korea,KOR,2015,43084,46818
South Korea,KOR,2016,66570,69763
South Korea,KOR,2017,74456,76343
South Korea,KOR,2018,61507,63511
South Sudan,SSD,2011,700953,943311
South Sudan,SSD,2015,915255,1088315
Spain,ESP,1973,801875,904235
Spain,ESP,1999,163254,130728
Spain,ESP,2000,149358,103597
Spain,ESP,2001,129307,79736
Spain,ESP,2002,118323,67572
Spain,ESP,2003,112585,64034
Spain,ESP,2004,108758,54819
Spain,ESP,2005,82826,49104
Spain,ESP,2006,78266,46063
Spain,ESP,2007,83476,49315
Spain,ESP,2008,91393,54565
Spain,ESP,2009,97416,59760
Spain,ESP,2010,95234,66169
Spain,ESP,2011,111816,93873
Spain,ESP,2012,104425,90299
Spain,ESP,2013,94698,82480
Spain,ESP,2014,84542,72334
Spain,ESP,2015,69950,56884
Spain,ESP,2016,67658,49366
Spain,ESP,2017,75179,52464
Spain,ESP,2018,70845,47917
Sri Lanka,LKA,2010,255264,223181
Sri Lanka,LKA,2011,233782,210269
Sri Lanka,LKA,2017,149710,130481
Sri Lanka,LKA,2018,121735,100357
Sub-Saharan Africa (WB),,1970,25960400,30584070
Sub-Saharan Africa (WB),,1971,26559672,31261446
Sub-Saharan Africa (WB),,1972,27023018,31784062
Sub-Saharan Africa (WB),,1973,27469034,32278158
Sub-Saharan Africa (WB),,1974,27730090,32640736
Sub-Saharan Africa (WB),,1975,27957104,32921546
Sub-Saharan Africa (WB),,1976,28388100,33387450
Sub-Saharan Africa (WB),,1977,28458516,33368340
Sub-Saharan Africa (WB),,1978,28518776,33289072
Sub-Saharan Africa (WB),,1979,28334680,33032508
Sub-Saharan Africa (WB),,1980,28343884,33069208
Sub-Saharan Africa (WB),,1981,28378368,33110504
Sub-Saharan Africa (WB),,1982,28370400,32917482
Sub-Saharan Africa (WB),,1983,29027824,33789372
Sub-Saharan Africa (WB),,1984,30143400,35062856
Sub-Saharan Africa (WB),,1985,31358292,36511584
Sub-Saharan Africa (WB),,1986,32959888,38254308
Sub-Saharan Africa (WB),,1987,34322800,39871304
Sub-Saharan Africa (WB),,1988,35720188,41344772
Sub-Saharan Africa (WB),,1989,36585650,42656412
Sub-Saharan Africa (WB),,1990,37947010,44176580
Sub-Saharan Africa (WB),,1991,38714136,44952416
Sub-Saharan Africa (WB),,1992,40016010,46548300
Sub-Saharan Africa (WB),,1993,40876508,47580176
Sub-Saharan Africa (WB),,1994,41965524,48995300
Sub-Saharan Africa (WB),,1995,42062536,49912252
Sub-Saharan Africa (WB),,1996,43570570,51889776
Sub-Saharan Africa (WB),,1997,43189144,51522060
Sub-Saharan Africa (WB),,1998,43644204,51977656
Sub-Saharan Africa (WB),,1999,44256576,52331224
Sub-Saharan Africa (WB),,2000,43798116,52003520
Sub-Saharan Africa (WB),,2001,43334932,51668860
Sub-Saharan Africa (WB),,2002,42609308,51334670
Sub-Saharan Africa (WB),,2003,41848172,50455176
Sub-Saharan Africa (WB),,2004,41431956,49765864
Sub-Saharan Africa (WB),,2005,40768584,48978064
Sub-Saharan Africa (WB),,2006,40457256,48280744
Sub-Saharan Africa (WB),,2007,39541870,48077876
Sub-Saharan Africa (WB),,2008,39324870,47293490
Sub-Saharan Africa (WB),,2009,39610080,47100416
Sub-Saharan Africa (WB),,2010,40239932,47549790
Sub-Saharan Africa (WB),,2011,40428348,47638332
Sub-Saharan Africa (WB),,2012,41497196,48104110
Sub-Saharan Africa (WB),,2013,41973268,48699636
Sub-Saharan Africa (WB),,2014,43193410,49655944
Sub-Saharan Africa (WB),,2015,44447664,51113336
Sub-Saharan Africa (WB),,2016,45206736,51648150
Sub-Saharan Africa (WB),,2017,46031410,52165070
Sub-Saharan Africa (WB),,2018,47864204,54260844
Sub-Saharan Africa (WB),,2019,48012210,54390510
Sudan,SDN,2011,2225281,2434313
Suriname,SUR,2009,16941,13385
Suriname,SUR,2010,16140,12477
Suriname,SUR,2011,17042,12631
Suriname,SUR,2012,16666,12101
Suriname,SUR,2013,16516,11694
Suriname,SUR,2014,15996,11256
Suriname,SUR,2015,14434,9612
Sweden,SWE,1999,16989,7385
Sweden,SWE,2000,19154,10095
Sweden,SWE,2001,19297,14698
Sweden,SWE,2002,10666,9394
Sweden,SWE,2003,10299,10554
Sweden,SWE,2004,21221,14048
Sweden,SWE,2005,21376,21224
Sweden,SWE,2006,21084,19918
Sweden,SWE,2007,16063,16570
Sweden,SWE,2008,15007,15945
Sweden,SWE,2009,18448,19153
Sweden,SWE,2010,25658,25834
Sweden,SWE,2011,30379,29679
Sweden,SWE,2012,25446,24909
Sweden,SWE,2013,15775,16599
Sweden,SWE,2014,11940,12450
Sweden,SWE,2015,2755,4308
Switzerland,CHE,1999,31250,45416
Switzerland,CHE,2000,34007,44572
Switzerland,CHE,2001,37121,42740
Switzerland,CHE,2002,35129,40922
Switzerland,CHE,2003,35050,41561
Switzerland,CHE,2004,33745,42540
Switzerland,CHE,2009,37402,43274
Switzerland,CHE,2010,38255,41393
Switzerland,CHE,2011,39649,41581
Switzerland,CHE,2012,46880,47053
Switzerland,CHE,2013,39118,39951
Switzerland,CHE,2014,35943,37323
Switzerland,CHE,2015,32659,34797
Switzerland,CHE,2016,29651,33270
Switzerland,CHE,2017,29507,35015
Switzerland,CHE,2018,30210,35622
Syria,SYR,1998,643686,761245
Syria,SYR,1999,661026,779351
Syria,SYR,2000,664670,775139
Syria,SYR,2001,636245,743748
Syria,SYR,2002,648455,744227
Syria,SYR,2003,617972,679970
Syria,SYR,2004,572539,623846
Syria,SYR,2005,516710,553040
Syria,SYR,2006,568457,587385
Syria,SYR,2007,553007,553849
Syria,SYR,2008,558978,553485
Syria,SYR,2009,564004,552020
Syria,SYR,2010,550957,551520
Syria,SYR,2011,508861,516866
Syria,SYR,2012,423173,441654
Syria,SYR,2013,1126053,1107592
Tajikistan,TJK,1999,185809,245798
Tajikistan,TJK,2000,140717,216291
Tajikistan,TJK,2001,116836,216947
Tajikistan,TJK,2002,101279,197264
Tajikistan,TJK,2004,80457,174000
Tajikistan,TJK,2005,83605,173042
Tajikistan,TJK,2006,79869,174216
Tajikistan,TJK,2007,84820,165672
Tajikistan,TJK,2008,70811,143357
Tajikistan,TJK,2009,77121,136247
Tajikistan,TJK,2010,72094,132912
Tajikistan,TJK,2011,65456,128925
Thailand,THA,2006,1002968,832153
Thailand,THA,2007,881435,652943
Thailand,THA,2008,899889,725322
Thailand,THA,2009,818616,564916
Togo,TGO,1999,142103,345993
Togo,TGO,2017,192353,314972
Tonga,TON,1998,1451,855
Tonga,TON,1999,971,796
Tonga,TON,2001,1220,900
Tonga,TON,2012,1219,652
Tonga,TON,2013,1338,881
Tonga,TON,2014,1645,945
Tonga,TON,2015,1421,888
Trinidad and Tobago,TTO,2004,13277,10997
Turkey,TUR,1999,1084688,2006002
Turkey,TUR,2000,924628,1785787
Turkey,TUR,2001,782887,1593752
Turkey,TUR,2002,779685,1525925
Turkey,TUR,2003,688529,1409065
Turkey,TUR,2004,645573,1292303
Turkey,TUR,2005,599194,1183412
Turkey,TUR,2006,549795,1081506
Turkey,TUR,2007,520587,993847
Turkey,TUR,2008,589853,965092
Turkey,TUR,2009,874266,1176458
Turkey,TUR,2010,662839,934187
Turkey,TUR,2011,548285,796996
Turkey,TUR,2012,778897,936982
Turkey,TUR,2013,612188,768328
Turkey,TUR,2014,611630,708863
Turkey,TUR,2015,707824,801611
Turkey,TUR,2016,826078,876699
Turkey,TUR,2017,712511,825507
Turkey,TUR,2018,746424,775507
Turkmenistan,TKM,2019,37898,
Turks and Caicos Islands,TCA,1999,372,314
Turks and Caicos Islands,TCA,2000,317,193
Turks and Caicos Islands,TCA,2009,435,322
Turks and Caicos Islands,TCA,2014,1144,1042
Turks and Caicos Islands,TCA,2015,1007,883
Turks and Caicos Islands,TCA,2018,424,363
Tuvalu,TUV,2014,354,265
Tuvalu,TUV,2015,321,222
Tuvalu,TUV,2016,437,395
Tuvalu,TUV,2019,453,407
Ukraine,UKR,2002,131193,62759
Ukraine,UKR,2003,172650,111562
Ukraine,UKR,2004,177082,129538
Ukraine,UKR,2005,128741,209531
Ukraine,UKR,2006,193676,149753
Ukraine,UKR,2007,201016,159089
Ukraine,UKR,2008,204243,159547
Ukraine,UKR,2009,194182,153124
Ukraine,UKR,2010,176133,143079
Ukraine,UKR,2011,161179,127869
Ukraine,UKR,2012,151871,114080
Ukraine,UKR,2013,140626,104585
Ukraine,UKR,2014,151796,106880
United Arab Emirates,ARE,1980,25979,23051
United Arab Emirates,ARE,1998,61023,47448
United Arab Emirates,ARE,2016,15674,22328
United Arab Emirates,ARE,2017,7732,24585
United Arab Emirates,ARE,1981,,24858
United Arab Emirates,ARE,1982,,24683
United Kingdom,GBR,1972,751672,691648
United Kingdom,GBR,1973,775697,721264
United Kingdom,GBR,1974,634495,594222
United Kingdom,GBR,1975,652631,613705
United Kingdom,GBR,1976,653407,575311
United Kingdom,GBR,1977,678707,597262
United Kingdom,GBR,1978,719002,634593
United Kingdom,GBR,1979,747556,659467
United Kingdom,GBR,1981,820232,683234
United Kingdom,GBR,1982,807054,666595
United Kingdom,GBR,1998,170212,141227
United Kingdom,GBR,1999,145522,109970
United Kingdom,GBR,2000,161539,117468
United Kingdom,GBR,2001,158473,112286
United Kingdom,GBR,2002,148257,85616
United Kingdom,GBR,2003,174904,76283
United Kingdom,GBR,2004,143543,49724
United Kingdom,GBR,2005,141240,36567
United Kingdom,GBR,2006,231775,111175
United Kingdom,GBR,2007,301190,194275
United Kingdom,GBR,2008,220447,155904
United Kingdom,GBR,2009,195520,145268
United Kingdom,GBR,2010,155087,120008
United Kingdom,GBR,2011,203301,175501
United Kingdom,GBR,2012,249411,233010
United Kingdom,GBR,2013,140563,122905
United Kingdom,GBR,2014,58349,41236
United Kingdom,GBR,2015,37814,22447
United Kingdom,GBR,2017,67849,63470
United Kingdom,GBR,2018,83413,79306
United States,USA,2005,769035,599400
United States,USA,2010,1021515,867755
United States,USA,2011,1131617,796960
United States,USA,2012,939588,870400
United States,USA,2013,909188,866197
United States,USA,2015,778149,534827
United States,USA,2016,376506,347781
United States,USA,2017,422042,314850
United States,USA,2018,344551,289900
Uruguay,URY,2007,32624,25622
Uruguay,URY,2008,30850,24157
Uruguay,URY,2009,30345,21085
Uruguay,URY,2011,31080,21825
Uruguay,URY,2012,29074,20410
Uruguay,URY,2014,24600,17912
Uruguay,URY,2015,20502,13490
Uruguay,URY,2016,18409,11886
Uruguay,URY,2017,12690,6276
Uzbekistan,UZB,2010,381830,394029
Uzbekistan,UZB,2011,346815,367241
Uzbekistan,UZB,2012,283566,306750
Uzbekistan,UZB,2013,258201,284371
Uzbekistan,UZB,2014,247758,266748
Uzbekistan,UZB,2015,222080,246105
Uzbekistan,UZB,2016,191549,222314
Uzbekistan,UZB,2017,173282,203960
Uzbekistan,UZB,2019,110663,156663
Vanuatu,VUT,1999,7922,8423
Vanuatu,VUT,2000,7775,7116
Vanuatu,VUT,2001,7029,7378
Vanuatu,VUT,2002,6963,7067
Vanuatu,VUT,2003,5890,6715
Vanuatu,VUT,2004,6041,6956
Vanuatu,VUT,2015,5348,5479
Venezuela,VEN,1999,675394,545951
Venezuela,VEN,2000,621812,499797
Venezuela,VEN,2001,545498,431044
Venezuela,VEN,2002,461155,354106
Venezuela,VEN,2003,482594,376954
Venezuela,VEN,2004,457303,354996
Venezuela,VEN,2005,436284,332532
Venezuela,VEN,2006,405529,305220
Venezuela,VEN,2007,334041,245418
Venezuela,VEN,2008,364280,282226
Venezuela,VEN,2009,312937,235948
Venezuela,VEN,2010,313994,233687
Venezuela,VEN,2011,312172,228421
Venezuela,VEN,2012,285717,216465
Venezuela,VEN,2013,283015,210556
Venezuela,VEN,2014,348944,258818
Venezuela,VEN,2015,352325,301491
Venezuela,VEN,2016,406089,352334
Venezuela,VEN,2017,441794,364232
World,OWID_WRL,1970,138625170,179656560
World,OWID_WRL,1971,140209680,182559230
World,OWID_WRL,1972,140162910,182253060
World,OWID_WRL,1973,137467660,176401900
World,OWID_WRL,1974,140335260,179387020
World,OWID_WRL,1975,140292020,177841200
World,OWID_WRL,1976,140083710,177558140
World,OWID_WRL,1977,143068320,183516430
World,OWID_WRL,1978,149681000,196446450
World,OWID_WRL,1979,152054960,200509090
World,OWID_WRL,1980,152836980,201979100
World,OWID_WRL,1981,155083460,203892500
World,OWID_WRL,1982,157601090,207157220
World,OWID_WRL,1983,160164210,210282930
World,OWID_WRL,1984,162590240,212182350
World,OWID_WRL,1985,163084510,210344820
World,OWID_WRL,1986,162959800,207476050
World,OWID_WRL,1987,162836480,205799060
World,OWID_WRL,1988,162505740,204758420
World,OWID_WRL,1989,163093660,204412850
World,OWID_WRL,1990,164504370,205760620
World,OWID_WRL,1991,164088720,204565020
World,OWID_WRL,1992,164369870,204357980
World,OWID_WRL,1993,163902050,202275280
World,OWID_WRL,1994,165323940,202706050
World,OWID_WRL,1995,167488940,204828210
World,OWID_WRL,1996,169179090,205090110
World,OWID_WRL,1997,171376130,206424160
World,OWID_WRL,1998,173470800,208205740
World,OWID_WRL,1999,173209600,206368430
World,OWID_WRL,2000,172121520,203241540
World,OWID_WRL,2001,172410380,200525860
World,OWID_WRL,2002,170557100,195951940
World,OWID_WRL,2003,166447540,182673020
World,OWID_WRL,2004,162795300,176428060
World,OWID_WRL,2005,159207700,171084620
World,OWID_WRL,2006,156645730,166120530
World,OWID_WRL,2007,146501550,157003460
World,OWID_WRL,2008,142755100,149709800
World,OWID_WRL,2009,141929420,145490620
World,OWID_WRL,2010,138181840,140286340
World,OWID_WRL,2011,137003780,136185100
World,OWID_WRL,2012,134739790,133470584
World,OWID_WRL,2013,132933330,130656020
World,OWID_WRL,2014,133619460,130301110
World,OWID_WRL,2015,131168180,129330410
World,OWID_WRL,2016,129539260,128047470
World,OWID_WRL,2017,128696680,126952700
World,OWID_WRL,2018,129200260,127519440
World,OWID_WRL,2019,129325630,127716590
Yemen,YEM,1999,771851,1724635
Yemen,YEM,2010,902214,1530830
Yemen,YEM,2012,820025,1437467
Yemen,YEM,2013,749387,1328097
Yemen,YEM,2016,857780,1353853
Zimbabwe,ZWE,1999,454439,523646
Zimbabwe,ZWE,2000,440563,517074
Zimbabwe,ZWE,2001,386981,474012
Zimbabwe,ZWE,2002,462514,550123
Zimbabwe,ZWE,2003,522317,600606
Zimbabwe,ZWE,2012,284958,333954
Zimbabwe,ZWE,2013,277406,320425